Cep_Inicial;Cep_Final;Peso_Inicial;Peso_Final;Valor1;Valor2;Valor3;Valor4;Valor5;Valor6;Valor7;Valor8;Valor9;Valor10;Valor_Adicional_Por_Kg;Prazo;
6400000;6499999;0.000;8.000;29.80;;;;;;;;;;;11;
6400000;6499999;8.001;16.000;39.80;;;;;;;;;;;11;
6400000;6499999;16.001;24.000;41.25;;;;;;;;;;;11;
6400000;6499999;24.001;32.000;41.25;;;;;;;;;;;11;
6400000;6499999;32.001;40.000;50.10;;;;;;;;;;;11;
6400000;6499999;40.001;48.000;50.10;;;;;;;;;;;11;
6400000;6499999;48.001;56.000;58.90;;;;;;;;;;;11;
6400000;6499999;56.001;64.000;58.90;;;;;;;;;;;11;
6400000;6499999;64.001;72.000;67.70;;;;;;;;;;;11;
6400000;6499999;72.001;80.000;67.70;;;;;;;;;;;11;
6400000;6499999;80.001;88.000;76.55;;;;;;;;;;;11;
6400000;6499999;88.001;96.000;76.55;;;;;;;;;;;11;
6400000;6499999;96.001;104.000;85.35;;;;;;;;;;;11;
6400000;6499999;104.001;112.000;85.35;;;;;;;;;;;11;
6400000;6499999;112.001;120.000;93.55;;;;;;;;;;;11;
6400000;6499999;120.001;128.000;93.55;;;;;;;;;;;11;
6400000;6499999;128.001;136.000;103.00;;;;;;;;;;;11;
6400000;6499999;136.001;144.000;103.00;;;;;;;;;;;11;
6400000;6499999;144.001;152.000;111.80;;;;;;;;;;;11;
6400000;6499999;152.001;160.000;111.80;;;;;;;;;;;11;
6400000;6499999;160.001;168.000;120.65;;;;;;;;;;;11;
6400000;6499999;168.001;176.000;120.65;;;;;;;;;;;11;
6400000;6499999;176.001;184.000;129.45;;;;;;;;;;;11;
6400000;6499999;184.001;192.000;129.45;;;;;;;;;;;11;
6400000;6499999;192.001;200.000;138.30;;;;;;;;;;;11;
11250000;11250000;0.000;8.000;29.80;;;;;;;;;;;11;
11250000;11250000;8.001;16.000;39.80;;;;;;;;;;;11;
11250000;11250000;16.001;24.000;41.25;;;;;;;;;;;11;
11250000;11250000;24.001;32.000;41.25;;;;;;;;;;;11;
11250000;11250000;32.001;40.000;50.10;;;;;;;;;;;11;
11250000;11250000;40.001;48.000;50.10;;;;;;;;;;;11;
11250000;11250000;48.001;56.000;58.90;;;;;;;;;;;11;
11250000;11250000;56.001;64.000;58.90;;;;;;;;;;;11;
11250000;11250000;64.001;72.000;67.70;;;;;;;;;;;11;
11250000;11250000;72.001;80.000;67.70;;;;;;;;;;;11;
11250000;11250000;80.001;88.000;76.55;;;;;;;;;;;11;
11250000;11250000;88.001;96.000;76.55;;;;;;;;;;;11;
11250000;11250000;96.001;104.000;85.35;;;;;;;;;;;11;
11250000;11250000;104.001;112.000;85.35;;;;;;;;;;;11;
11250000;11250000;112.001;120.000;93.55;;;;;;;;;;;11;
11250000;11250000;120.001;128.000;93.55;;;;;;;;;;;11;
11250000;11250000;128.001;136.000;103.00;;;;;;;;;;;11;
11250000;11250000;136.001;144.000;103.00;;;;;;;;;;;11;
11250000;11250000;144.001;152.000;111.80;;;;;;;;;;;11;
11250000;11250000;152.001;160.000;111.80;;;;;;;;;;;11;
11250000;11250000;160.001;168.000;120.65;;;;;;;;;;;11;
11250000;11250000;168.001;176.000;120.65;;;;;;;;;;;11;
11250000;11250000;176.001;184.000;129.45;;;;;;;;;;;11;
11250000;11250000;184.001;192.000;129.45;;;;;;;;;;;11;
11250000;11250000;192.001;200.000;138.30;;;;;;;;;;;11;
13000000;13139999;0.000;8.000;29.80;;;;;;;;;;;11;
13000000;13139999;8.001;16.000;39.80;;;;;;;;;;;11;
13000000;13139999;16.001;24.000;41.25;;;;;;;;;;;11;
13000000;13139999;24.001;32.000;41.25;;;;;;;;;;;11;
13000000;13139999;32.001;40.000;50.10;;;;;;;;;;;11;
13000000;13139999;40.001;48.000;50.10;;;;;;;;;;;11;
13000000;13139999;48.001;56.000;58.90;;;;;;;;;;;11;
13000000;13139999;56.001;64.000;58.90;;;;;;;;;;;11;
13000000;13139999;64.001;72.000;67.70;;;;;;;;;;;11;
13000000;13139999;72.001;80.000;67.70;;;;;;;;;;;11;
13000000;13139999;80.001;88.000;76.55;;;;;;;;;;;11;
13000000;13139999;88.001;96.000;76.55;;;;;;;;;;;11;
13000000;13139999;96.001;104.000;85.35;;;;;;;;;;;11;
13000000;13139999;104.001;112.000;85.35;;;;;;;;;;;11;
13000000;13139999;112.001;120.000;93.55;;;;;;;;;;;11;
13000000;13139999;120.001;128.000;93.55;;;;;;;;;;;11;
13000000;13139999;128.001;136.000;103.00;;;;;;;;;;;11;
13000000;13139999;136.001;144.000;103.00;;;;;;;;;;;11;
13000000;13139999;144.001;152.000;111.80;;;;;;;;;;;11;
13000000;13139999;152.001;160.000;111.80;;;;;;;;;;;11;
13000000;13139999;160.001;168.000;120.65;;;;;;;;;;;11;
13000000;13139999;168.001;176.000;120.65;;;;;;;;;;;11;
13000000;13139999;176.001;184.000;129.45;;;;;;;;;;;11;
13000000;13139999;184.001;192.000;129.45;;;;;;;;;;;11;
13000000;13139999;192.001;200.000;138.30;;;;;;;;;;;11;
6300000;6399999;0.000;8.000;29.80;;;;;;;;;;;11;
6300000;6399999;8.001;16.000;39.80;;;;;;;;;;;11;
6300000;6399999;16.001;24.000;41.25;;;;;;;;;;;11;
6300000;6399999;24.001;32.000;41.25;;;;;;;;;;;11;
6300000;6399999;32.001;40.000;50.10;;;;;;;;;;;11;
6300000;6399999;40.001;48.000;50.10;;;;;;;;;;;11;
6300000;6399999;48.001;56.000;58.90;;;;;;;;;;;11;
6300000;6399999;56.001;64.000;58.90;;;;;;;;;;;11;
6300000;6399999;64.001;72.000;67.70;;;;;;;;;;;11;
6300000;6399999;72.001;80.000;67.70;;;;;;;;;;;11;
6300000;6399999;80.001;88.000;76.55;;;;;;;;;;;11;
6300000;6399999;88.001;96.000;76.55;;;;;;;;;;;11;
6300000;6399999;96.001;104.000;85.35;;;;;;;;;;;11;
6300000;6399999;104.001;112.000;85.35;;;;;;;;;;;11;
6300000;6399999;112.001;120.000;93.55;;;;;;;;;;;11;
6300000;6399999;120.001;128.000;93.55;;;;;;;;;;;11;
6300000;6399999;128.001;136.000;103.00;;;;;;;;;;;11;
6300000;6399999;136.001;144.000;103.00;;;;;;;;;;;11;
6300000;6399999;144.001;152.000;111.80;;;;;;;;;;;11;
6300000;6399999;152.001;160.000;111.80;;;;;;;;;;;11;
6300000;6399999;160.001;168.000;120.65;;;;;;;;;;;11;
6300000;6399999;168.001;176.000;120.65;;;;;;;;;;;11;
6300000;6399999;176.001;184.000;129.45;;;;;;;;;;;11;
6300000;6399999;184.001;192.000;129.45;;;;;;;;;;;11;
6300000;6399999;192.001;200.000;138.30;;;;;;;;;;;11;
6700000;6700000;0.000;8.000;29.80;;;;;;;;;;;11;
6700000;6700000;8.001;16.000;39.80;;;;;;;;;;;11;
6700000;6700000;16.001;24.000;41.25;;;;;;;;;;;11;
6700000;6700000;24.001;32.000;41.25;;;;;;;;;;;11;
6700000;6700000;32.001;40.000;50.10;;;;;;;;;;;11;
6700000;6700000;40.001;48.000;50.10;;;;;;;;;;;11;
6700000;6700000;48.001;56.000;58.90;;;;;;;;;;;11;
6700000;6700000;56.001;64.000;58.90;;;;;;;;;;;11;
6700000;6700000;64.001;72.000;67.70;;;;;;;;;;;11;
6700000;6700000;72.001;80.000;67.70;;;;;;;;;;;11;
6700000;6700000;80.001;88.000;76.55;;;;;;;;;;;11;
6700000;6700000;88.001;96.000;76.55;;;;;;;;;;;11;
6700000;6700000;96.001;104.000;85.35;;;;;;;;;;;11;
6700000;6700000;104.001;112.000;85.35;;;;;;;;;;;11;
6700000;6700000;112.001;120.000;93.55;;;;;;;;;;;11;
6700000;6700000;120.001;128.000;93.55;;;;;;;;;;;11;
6700000;6700000;128.001;136.000;103.00;;;;;;;;;;;11;
6700000;6700000;136.001;144.000;103.00;;;;;;;;;;;11;
6700000;6700000;144.001;152.000;111.80;;;;;;;;;;;11;
6700000;6700000;152.001;160.000;111.80;;;;;;;;;;;11;
6700000;6700000;160.001;168.000;120.65;;;;;;;;;;;11;
6700000;6700000;168.001;176.000;120.65;;;;;;;;;;;11;
6700000;6700000;176.001;184.000;129.45;;;;;;;;;;;11;
6700000;6700000;184.001;192.000;129.45;;;;;;;;;;;11;
6700000;6700000;192.001;200.000;138.30;;;;;;;;;;;11;
11500000;11599999;0.000;8.000;29.80;;;;;;;;;;;11;
11500000;11599999;8.001;16.000;39.80;;;;;;;;;;;11;
11500000;11599999;16.001;24.000;41.25;;;;;;;;;;;11;
11500000;11599999;24.001;32.000;41.25;;;;;;;;;;;11;
11500000;11599999;32.001;40.000;50.10;;;;;;;;;;;11;
11500000;11599999;40.001;48.000;50.10;;;;;;;;;;;11;
11500000;11599999;48.001;56.000;58.90;;;;;;;;;;;11;
11500000;11599999;56.001;64.000;58.90;;;;;;;;;;;11;
11500000;11599999;64.001;72.000;67.70;;;;;;;;;;;11;
11500000;11599999;72.001;80.000;67.70;;;;;;;;;;;11;
11500000;11599999;80.001;88.000;76.55;;;;;;;;;;;11;
11500000;11599999;88.001;96.000;76.55;;;;;;;;;;;11;
11500000;11599999;96.001;104.000;85.35;;;;;;;;;;;11;
11500000;11599999;104.001;112.000;85.35;;;;;;;;;;;11;
11500000;11599999;112.001;120.000;93.55;;;;;;;;;;;11;
11500000;11599999;120.001;128.000;93.55;;;;;;;;;;;11;
11500000;11599999;128.001;136.000;103.00;;;;;;;;;;;11;
11500000;11599999;136.001;144.000;103.00;;;;;;;;;;;11;
11500000;11599999;144.001;152.000;111.80;;;;;;;;;;;11;
11500000;11599999;152.001;160.000;111.80;;;;;;;;;;;11;
11500000;11599999;160.001;168.000;120.65;;;;;;;;;;;11;
11500000;11599999;168.001;176.000;120.65;;;;;;;;;;;11;
11500000;11599999;176.001;184.000;129.45;;;;;;;;;;;11;
11500000;11599999;184.001;192.000;129.45;;;;;;;;;;;11;
11500000;11599999;192.001;200.000;138.30;;;;;;;;;;;11;
9900000;9999999;0.000;8.000;29.80;;;;;;;;;;;11;
9900000;9999999;8.001;16.000;39.80;;;;;;;;;;;11;
9900000;9999999;16.001;24.000;41.25;;;;;;;;;;;11;
9900000;9999999;24.001;32.000;41.25;;;;;;;;;;;11;
9900000;9999999;32.001;40.000;50.10;;;;;;;;;;;11;
9900000;9999999;40.001;48.000;50.10;;;;;;;;;;;11;
9900000;9999999;48.001;56.000;58.90;;;;;;;;;;;11;
9900000;9999999;56.001;64.000;58.90;;;;;;;;;;;11;
9900000;9999999;64.001;72.000;67.70;;;;;;;;;;;11;
9900000;9999999;72.001;80.000;67.70;;;;;;;;;;;11;
9900000;9999999;80.001;88.000;76.55;;;;;;;;;;;11;
9900000;9999999;88.001;96.000;76.55;;;;;;;;;;;11;
9900000;9999999;96.001;104.000;85.35;;;;;;;;;;;11;
9900000;9999999;104.001;112.000;85.35;;;;;;;;;;;11;
9900000;9999999;112.001;120.000;93.55;;;;;;;;;;;11;
9900000;9999999;120.001;128.000;93.55;;;;;;;;;;;11;
9900000;9999999;128.001;136.000;103.00;;;;;;;;;;;11;
9900000;9999999;136.001;144.000;103.00;;;;;;;;;;;11;
9900000;9999999;144.001;152.000;111.80;;;;;;;;;;;11;
9900000;9999999;152.001;160.000;111.80;;;;;;;;;;;11;
9900000;9999999;160.001;168.000;120.65;;;;;;;;;;;11;
9900000;9999999;168.001;176.000;120.65;;;;;;;;;;;11;
9900000;9999999;176.001;184.000;129.45;;;;;;;;;;;11;
9900000;9999999;184.001;192.000;129.45;;;;;;;;;;;11;
9900000;9999999;192.001;200.000;138.30;;;;;;;;;;;11;
8500000;8549999;0.000;8.000;29.80;;;;;;;;;;;11;
8500000;8549999;8.001;16.000;39.80;;;;;;;;;;;11;
8500000;8549999;16.001;24.000;41.25;;;;;;;;;;;11;
8500000;8549999;24.001;32.000;41.25;;;;;;;;;;;11;
8500000;8549999;32.001;40.000;50.10;;;;;;;;;;;11;
8500000;8549999;40.001;48.000;50.10;;;;;;;;;;;11;
8500000;8549999;48.001;56.000;58.90;;;;;;;;;;;11;
8500000;8549999;56.001;64.000;58.90;;;;;;;;;;;11;
8500000;8549999;64.001;72.000;67.70;;;;;;;;;;;11;
8500000;8549999;72.001;80.000;67.70;;;;;;;;;;;11;
8500000;8549999;80.001;88.000;76.55;;;;;;;;;;;11;
8500000;8549999;88.001;96.000;76.55;;;;;;;;;;;11;
8500000;8549999;96.001;104.000;85.35;;;;;;;;;;;11;
8500000;8549999;104.001;112.000;85.35;;;;;;;;;;;11;
8500000;8549999;112.001;120.000;93.55;;;;;;;;;;;11;
8500000;8549999;120.001;128.000;93.55;;;;;;;;;;;11;
8500000;8549999;128.001;136.000;103.00;;;;;;;;;;;11;
8500000;8549999;136.001;144.000;103.00;;;;;;;;;;;11;
8500000;8549999;144.001;152.000;111.80;;;;;;;;;;;11;
8500000;8549999;152.001;160.000;111.80;;;;;;;;;;;11;
8500000;8549999;160.001;168.000;120.65;;;;;;;;;;;11;
8500000;8549999;168.001;176.000;120.65;;;;;;;;;;;11;
8500000;8549999;176.001;184.000;129.45;;;;;;;;;;;11;
8500000;8549999;184.001;192.000;129.45;;;;;;;;;;;11;
8500000;8549999;192.001;200.000;138.30;;;;;;;;;;;11;
11400000;1149999;0.000;8.000;29.80;;;;;;;;;;;11;
11400000;1149999;8.001;16.000;39.80;;;;;;;;;;;11;
11400000;1149999;16.001;24.000;41.25;;;;;;;;;;;11;
11400000;1149999;24.001;32.000;41.25;;;;;;;;;;;11;
11400000;1149999;32.001;40.000;50.10;;;;;;;;;;;11;
11400000;1149999;40.001;48.000;50.10;;;;;;;;;;;11;
11400000;1149999;48.001;56.000;58.90;;;;;;;;;;;11;
11400000;1149999;56.001;64.000;58.90;;;;;;;;;;;11;
11400000;1149999;64.001;72.000;67.70;;;;;;;;;;;11;
11400000;1149999;72.001;80.000;67.70;;;;;;;;;;;11;
11400000;1149999;80.001;88.000;76.55;;;;;;;;;;;11;
11400000;1149999;88.001;96.000;76.55;;;;;;;;;;;11;
11400000;1149999;96.001;104.000;85.35;;;;;;;;;;;11;
11400000;1149999;104.001;112.000;85.35;;;;;;;;;;;11;
11400000;1149999;112.001;120.000;93.55;;;;;;;;;;;11;
11400000;1149999;120.001;128.000;93.55;;;;;;;;;;;11;
11400000;1149999;128.001;136.000;103.00;;;;;;;;;;;11;
11400000;1149999;136.001;144.000;103.00;;;;;;;;;;;11;
11400000;1149999;144.001;152.000;111.80;;;;;;;;;;;11;
11400000;1149999;152.001;160.000;111.80;;;;;;;;;;;11;
11400000;1149999;160.001;168.000;120.65;;;;;;;;;;;11;
11400000;1149999;168.001;176.000;120.65;;;;;;;;;;;11;
11400000;1149999;176.001;184.000;129.45;;;;;;;;;;;11;
11400000;1149999;184.001;192.000;129.45;;;;;;;;;;;11;
11400000;1149999;192.001;200.000;138.30;;;;;;;;;;;11;
7000000;7399999;0.000;8.000;29.80;;;;;;;;;;;11;
7000000;7399999;8.001;16.000;39.80;;;;;;;;;;;11;
7000000;7399999;16.001;24.000;41.25;;;;;;;;;;;11;
7000000;7399999;24.001;32.000;41.25;;;;;;;;;;;11;
7000000;7399999;32.001;40.000;50.10;;;;;;;;;;;11;
7000000;7399999;40.001;48.000;50.10;;;;;;;;;;;11;
7000000;7399999;48.001;56.000;58.90;;;;;;;;;;;11;
7000000;7399999;56.001;64.000;58.90;;;;;;;;;;;11;
7000000;7399999;64.001;72.000;67.70;;;;;;;;;;;11;
7000000;7399999;72.001;80.000;67.70;;;;;;;;;;;11;
7000000;7399999;80.001;88.000;76.55;;;;;;;;;;;11;
7000000;7399999;88.001;96.000;76.55;;;;;;;;;;;11;
7000000;7399999;96.001;104.000;85.35;;;;;;;;;;;11;
7000000;7399999;104.001;112.000;85.35;;;;;;;;;;;11;
7000000;7399999;112.001;120.000;93.55;;;;;;;;;;;11;
7000000;7399999;120.001;128.000;93.55;;;;;;;;;;;11;
7000000;7399999;128.001;136.000;103.00;;;;;;;;;;;11;
7000000;7399999;136.001;144.000;103.00;;;;;;;;;;;11;
7000000;7399999;144.001;152.000;111.80;;;;;;;;;;;11;
7000000;7399999;152.001;160.000;111.80;;;;;;;;;;;11;
7000000;7399999;160.001;168.000;120.65;;;;;;;;;;;11;
7000000;7399999;168.001;176.000;120.65;;;;;;;;;;;11;
7000000;7399999;176.001;184.000;129.45;;;;;;;;;;;11;
7000000;7399999;184.001;192.000;129.45;;;;;;;;;;;11;
7000000;7399999;192.001;200.000;138.30;;;;;;;;;;;11;
13330000;13349999;0.000;8.000;29.80;;;;;;;;;;;11;
13330000;13349999;8.001;16.000;39.80;;;;;;;;;;;11;
13330000;13349999;16.001;24.000;41.25;;;;;;;;;;;11;
13330000;13349999;24.001;32.000;41.25;;;;;;;;;;;11;
13330000;13349999;32.001;40.000;50.10;;;;;;;;;;;11;
13330000;13349999;40.001;48.000;50.10;;;;;;;;;;;11;
13330000;13349999;48.001;56.000;58.90;;;;;;;;;;;11;
13330000;13349999;56.001;64.000;58.90;;;;;;;;;;;11;
13330000;13349999;64.001;72.000;67.70;;;;;;;;;;;11;
13330000;13349999;72.001;80.000;67.70;;;;;;;;;;;11;
13330000;13349999;80.001;88.000;76.55;;;;;;;;;;;11;
13330000;13349999;88.001;96.000;76.55;;;;;;;;;;;11;
13330000;13349999;96.001;104.000;85.35;;;;;;;;;;;11;
13330000;13349999;104.001;112.000;85.35;;;;;;;;;;;11;
13330000;13349999;112.001;120.000;93.55;;;;;;;;;;;11;
13330000;13349999;120.001;128.000;93.55;;;;;;;;;;;11;
13330000;13349999;128.001;136.000;103.00;;;;;;;;;;;11;
13330000;13349999;136.001;144.000;103.00;;;;;;;;;;;11;
13330000;13349999;144.001;152.000;111.80;;;;;;;;;;;11;
13330000;13349999;152.001;160.000;111.80;;;;;;;;;;;11;
13330000;13349999;160.001;168.000;120.65;;;;;;;;;;;11;
13330000;13349999;168.001;176.000;120.65;;;;;;;;;;;11;
13330000;13349999;176.001;184.000;129.45;;;;;;;;;;;11;
13330000;13349999;184.001;192.000;129.45;;;;;;;;;;;11;
13330000;13349999;192.001;200.000;138.30;;;;;;;;;;;11;
13330000;13349999;0.000;8.000;29.80;;;;;;;;;;;11;
13330000;13349999;8.001;16.000;39.80;;;;;;;;;;;11;
13330000;13349999;16.001;24.000;41.25;;;;;;;;;;;11;
13330000;13349999;24.001;32.000;41.25;;;;;;;;;;;11;
13330000;13349999;32.001;40.000;50.10;;;;;;;;;;;11;
13330000;13349999;40.001;48.000;50.10;;;;;;;;;;;11;
13330000;13349999;48.001;56.000;58.90;;;;;;;;;;;11;
13330000;13349999;56.001;64.000;58.90;;;;;;;;;;;11;
13330000;13349999;64.001;72.000;67.70;;;;;;;;;;;11;
13330000;13349999;72.001;80.000;67.70;;;;;;;;;;;11;
13330000;13349999;80.001;88.000;76.55;;;;;;;;;;;11;
13330000;13349999;88.001;96.000;76.55;;;;;;;;;;;11;
13330000;13349999;96.001;104.000;85.35;;;;;;;;;;;11;
13330000;13349999;104.001;112.000;85.35;;;;;;;;;;;11;
13330000;13349999;112.001;120.000;93.55;;;;;;;;;;;11;
13330000;13349999;120.001;128.000;93.55;;;;;;;;;;;11;
13330000;13349999;128.001;136.000;103.00;;;;;;;;;;;11;
13330000;13349999;136.001;144.000;103.00;;;;;;;;;;;11;
13330000;13349999;144.001;152.000;111.80;;;;;;;;;;;11;
13330000;13349999;152.001;160.000;111.80;;;;;;;;;;;11;
13330000;13349999;160.001;168.000;120.65;;;;;;;;;;;11;
13330000;13349999;168.001;176.000;120.65;;;;;;;;;;;11;
13330000;13349999;176.001;184.000;129.45;;;;;;;;;;;11;
13330000;13349999;184.001;192.000;129.45;;;;;;;;;;;11;
13330000;13349999;192.001;200.000;138.30;;;;;;;;;;;11;
11740000;11740000;0.000;8.000;29.80;;;;;;;;;;;11;
11740000;11740000;8.001;16.000;39.80;;;;;;;;;;;11;
11740000;11740000;16.001;24.000;41.25;;;;;;;;;;;11;
11740000;11740000;24.001;32.000;41.25;;;;;;;;;;;11;
11740000;11740000;32.001;40.000;50.10;;;;;;;;;;;11;
11740000;11740000;40.001;48.000;50.10;;;;;;;;;;;11;
11740000;11740000;48.001;56.000;58.90;;;;;;;;;;;11;
11740000;11740000;56.001;64.000;58.90;;;;;;;;;;;11;
11740000;11740000;64.001;72.000;67.70;;;;;;;;;;;11;
11740000;11740000;72.001;80.000;67.70;;;;;;;;;;;11;
11740000;11740000;80.001;88.000;76.55;;;;;;;;;;;11;
11740000;11740000;88.001;96.000;76.55;;;;;;;;;;;11;
11740000;11740000;96.001;104.000;85.35;;;;;;;;;;;11;
11740000;11740000;104.001;112.000;85.35;;;;;;;;;;;11;
11740000;11740000;112.001;120.000;93.55;;;;;;;;;;;11;
11740000;11740000;120.001;128.000;93.55;;;;;;;;;;;11;
11740000;11740000;128.001;136.000;103.00;;;;;;;;;;;11;
11740000;11740000;136.001;144.000;103.00;;;;;;;;;;;11;
11740000;11740000;144.001;152.000;111.80;;;;;;;;;;;11;
11740000;11740000;152.001;160.000;111.80;;;;;;;;;;;11;
11740000;11740000;160.001;168.000;120.65;;;;;;;;;;;11;
11740000;11740000;168.001;176.000;120.65;;;;;;;;;;;11;
11740000;11740000;176.001;184.000;129.45;;;;;;;;;;;11;
11740000;11740000;184.001;192.000;129.45;;;;;;;;;;;11;
11740000;11740000;192.001;200.000;138.30;;;;;;;;;;;11;
6650000;6699999;0.000;8.000;29.80;;;;;;;;;;;11;
6650000;6699999;8.001;16.000;39.80;;;;;;;;;;;11;
6650000;6699999;16.001;24.000;41.25;;;;;;;;;;;11;
6650000;6699999;24.001;32.000;41.25;;;;;;;;;;;11;
6650000;6699999;32.001;40.000;50.10;;;;;;;;;;;11;
6650000;6699999;40.001;48.000;50.10;;;;;;;;;;;11;
6650000;6699999;48.001;56.000;58.90;;;;;;;;;;;11;
6650000;6699999;56.001;64.000;58.90;;;;;;;;;;;11;
6650000;6699999;64.001;72.000;67.70;;;;;;;;;;;11;
6650000;6699999;72.001;80.000;67.70;;;;;;;;;;;11;
6650000;6699999;80.001;88.000;76.55;;;;;;;;;;;11;
6650000;6699999;88.001;96.000;76.55;;;;;;;;;;;11;
6650000;6699999;96.001;104.000;85.35;;;;;;;;;;;11;
6650000;6699999;104.001;112.000;85.35;;;;;;;;;;;11;
6650000;6699999;112.001;120.000;93.55;;;;;;;;;;;11;
6650000;6699999;120.001;128.000;93.55;;;;;;;;;;;11;
6650000;6699999;128.001;136.000;103.00;;;;;;;;;;;11;
6650000;6699999;136.001;144.000;103.00;;;;;;;;;;;11;
6650000;6699999;144.001;152.000;111.80;;;;;;;;;;;11;
6650000;6699999;152.001;160.000;111.80;;;;;;;;;;;11;
6650000;6699999;160.001;168.000;120.65;;;;;;;;;;;11;
6650000;6699999;168.001;176.000;120.65;;;;;;;;;;;11;
6650000;6699999;176.001;184.000;129.45;;;;;;;;;;;11;
6650000;6699999;184.001;192.000;129.45;;;;;;;;;;;11;
6650000;6699999;192.001;200.000;138.30;;;;;;;;;;;11;
8570000;8599999;0.000;8.000;29.80;;;;;;;;;;;11;
8570000;8599999;8.001;16.000;39.80;;;;;;;;;;;11;
8570000;8599999;16.001;24.000;41.25;;;;;;;;;;;11;
8570000;8599999;24.001;32.000;41.25;;;;;;;;;;;11;
8570000;8599999;32.001;40.000;50.10;;;;;;;;;;;11;
8570000;8599999;40.001;48.000;50.10;;;;;;;;;;;11;
8570000;8599999;48.001;56.000;58.90;;;;;;;;;;;11;
8570000;8599999;56.001;64.000;58.90;;;;;;;;;;;11;
8570000;8599999;64.001;72.000;67.70;;;;;;;;;;;11;
8570000;8599999;72.001;80.000;67.70;;;;;;;;;;;11;
8570000;8599999;80.001;88.000;76.55;;;;;;;;;;;11;
8570000;8599999;88.001;96.000;76.55;;;;;;;;;;;11;
8570000;8599999;96.001;104.000;85.35;;;;;;;;;;;11;
8570000;8599999;104.001;112.000;85.35;;;;;;;;;;;11;
8570000;8599999;112.001;120.000;93.55;;;;;;;;;;;11;
8570000;8599999;120.001;128.000;93.55;;;;;;;;;;;11;
8570000;8599999;128.001;136.000;103.00;;;;;;;;;;;11;
8570000;8599999;136.001;144.000;103.00;;;;;;;;;;;11;
8570000;8599999;144.001;152.000;111.80;;;;;;;;;;;11;
8570000;8599999;152.001;160.000;111.80;;;;;;;;;;;11;
8570000;8599999;160.001;168.000;120.65;;;;;;;;;;;11;
8570000;8599999;168.001;176.000;120.65;;;;;;;;;;;11;
8570000;8599999;176.001;184.000;129.45;;;;;;;;;;;11;
8570000;8599999;184.001;192.000;129.45;;;;;;;;;;;11;
8570000;8599999;192.001;200.000;138.30;;;;;;;;;;;11;
11760000;11770000;0.000;8.000;29.80;;;;;;;;;;;11;
11760000;11770000;8.001;16.000;39.80;;;;;;;;;;;11;
11760000;11770000;16.001;24.000;41.25;;;;;;;;;;;11;
11760000;11770000;24.001;32.000;41.25;;;;;;;;;;;11;
11760000;11770000;32.001;40.000;50.10;;;;;;;;;;;11;
11760000;11770000;40.001;48.000;50.10;;;;;;;;;;;11;
11760000;11770000;48.001;56.000;58.90;;;;;;;;;;;11;
11760000;11770000;56.001;64.000;58.90;;;;;;;;;;;11;
11760000;11770000;64.001;72.000;67.70;;;;;;;;;;;11;
11760000;11770000;72.001;80.000;67.70;;;;;;;;;;;11;
11760000;11770000;80.001;88.000;76.55;;;;;;;;;;;11;
11760000;11770000;88.001;96.000;76.55;;;;;;;;;;;11;
11760000;11770000;96.001;104.000;85.35;;;;;;;;;;;11;
11760000;11770000;104.001;112.000;85.35;;;;;;;;;;;11;
11760000;11770000;112.001;120.000;93.55;;;;;;;;;;;11;
11760000;11770000;120.001;128.000;93.55;;;;;;;;;;;11;
11760000;11770000;128.001;136.000;103.00;;;;;;;;;;;11;
11760000;11770000;136.001;144.000;103.00;;;;;;;;;;;11;
11760000;11770000;144.001;152.000;111.80;;;;;;;;;;;11;
11760000;11770000;152.001;160.000;111.80;;;;;;;;;;;11;
11760000;11770000;160.001;168.000;120.65;;;;;;;;;;;11;
11760000;11770000;168.001;176.000;120.65;;;;;;;;;;;11;
11760000;11770000;176.001;184.000;129.45;;;;;;;;;;;11;
11760000;11770000;184.001;192.000;129.45;;;;;;;;;;;11;
11760000;11770000;192.001;200.000;138.30;;;;;;;;;;;11;
13250000;13259999;0.000;8.000;29.80;;;;;;;;;;;11;
13250000;13259999;8.001;16.000;39.80;;;;;;;;;;;11;
13250000;13259999;16.001;24.000;41.25;;;;;;;;;;;11;
13250000;13259999;24.001;32.000;41.25;;;;;;;;;;;11;
13250000;13259999;32.001;40.000;50.10;;;;;;;;;;;11;
13250000;13259999;40.001;48.000;50.10;;;;;;;;;;;11;
13250000;13259999;48.001;56.000;58.90;;;;;;;;;;;11;
13250000;13259999;56.001;64.000;58.90;;;;;;;;;;;11;
13250000;13259999;64.001;72.000;67.70;;;;;;;;;;;11;
13250000;13259999;72.001;80.000;67.70;;;;;;;;;;;11;
13250000;13259999;80.001;88.000;76.55;;;;;;;;;;;11;
13250000;13259999;88.001;96.000;76.55;;;;;;;;;;;11;
13250000;13259999;96.001;104.000;85.35;;;;;;;;;;;11;
13250000;13259999;104.001;112.000;85.35;;;;;;;;;;;11;
13250000;13259999;112.001;120.000;93.55;;;;;;;;;;;11;
13250000;13259999;120.001;128.000;93.55;;;;;;;;;;;11;
13250000;13259999;128.001;136.000;103.00;;;;;;;;;;;11;
13250000;13259999;136.001;144.000;103.00;;;;;;;;;;;11;
13250000;13259999;144.001;152.000;111.80;;;;;;;;;;;11;
13250000;13259999;152.001;160.000;111.80;;;;;;;;;;;11;
13250000;13259999;160.001;168.000;120.65;;;;;;;;;;;11;
13250000;13259999;168.001;176.000;120.65;;;;;;;;;;;11;
13250000;13259999;176.001;184.000;129.45;;;;;;;;;;;11;
13250000;13259999;184.001;192.000;129.45;;;;;;;;;;;11;
13250000;13259999;192.001;200.000;138.30;;;;;;;;;;;11;
13300000;13314999;0.000;8.000;29.80;;;;;;;;;;;11;
13300000;13314999;8.001;16.000;39.80;;;;;;;;;;;11;
13300000;13314999;16.001;24.000;41.25;;;;;;;;;;;11;
13300000;13314999;24.001;32.000;41.25;;;;;;;;;;;11;
13300000;13314999;32.001;40.000;50.10;;;;;;;;;;;11;
13300000;13314999;40.001;48.000;50.10;;;;;;;;;;;11;
13300000;13314999;48.001;56.000;58.90;;;;;;;;;;;11;
13300000;13314999;56.001;64.000;58.90;;;;;;;;;;;11;
13300000;13314999;64.001;72.000;67.70;;;;;;;;;;;11;
13300000;13314999;72.001;80.000;67.70;;;;;;;;;;;11;
13300000;13314999;80.001;88.000;76.55;;;;;;;;;;;11;
13300000;13314999;88.001;96.000;76.55;;;;;;;;;;;11;
13300000;13314999;96.001;104.000;85.35;;;;;;;;;;;11;
13300000;13314999;104.001;112.000;85.35;;;;;;;;;;;11;
13300000;13314999;112.001;120.000;93.55;;;;;;;;;;;11;
13300000;13314999;120.001;128.000;93.55;;;;;;;;;;;11;
13300000;13314999;128.001;136.000;103.00;;;;;;;;;;;11;
13300000;13314999;136.001;144.000;103.00;;;;;;;;;;;11;
13300000;13314999;144.001;152.000;111.80;;;;;;;;;;;11;
13300000;13314999;152.001;160.000;111.80;;;;;;;;;;;11;
13300000;13314999;160.001;168.000;120.65;;;;;;;;;;;11;
13300000;13314999;168.001;176.000;120.65;;;;;;;;;;;11;
13300000;13314999;176.001;184.000;129.45;;;;;;;;;;;11;
13300000;13314999;184.001;192.000;129.45;;;;;;;;;;;11;
13300000;13314999;192.001;200.000;138.30;;;;;;;;;;;11;
13925000;13295000;0.000;8.000;29.80;;;;;;;;;;;11;
13925000;13295000;8.001;16.000;39.80;;;;;;;;;;;11;
13925000;13295000;16.001;24.000;41.25;;;;;;;;;;;11;
13925000;13295000;24.001;32.000;41.25;;;;;;;;;;;11;
13925000;13295000;32.001;40.000;50.10;;;;;;;;;;;11;
13925000;13295000;40.001;48.000;50.10;;;;;;;;;;;11;
13925000;13295000;48.001;56.000;58.90;;;;;;;;;;;11;
13925000;13295000;56.001;64.000;58.90;;;;;;;;;;;11;
13925000;13295000;64.001;72.000;67.70;;;;;;;;;;;11;
13925000;13295000;72.001;80.000;67.70;;;;;;;;;;;11;
13925000;13295000;80.001;88.000;76.55;;;;;;;;;;;11;
13925000;13295000;88.001;96.000;76.55;;;;;;;;;;;11;
13925000;13295000;96.001;104.000;85.35;;;;;;;;;;;11;
13925000;13295000;104.001;112.000;85.35;;;;;;;;;;;11;
13925000;13295000;112.001;120.000;93.55;;;;;;;;;;;11;
13925000;13295000;120.001;128.000;93.55;;;;;;;;;;;11;
13925000;13295000;128.001;136.000;103.00;;;;;;;;;;;11;
13925000;13295000;136.001;144.000;103.00;;;;;;;;;;;11;
13925000;13295000;144.001;152.000;111.80;;;;;;;;;;;11;
13925000;13295000;152.001;160.000;111.80;;;;;;;;;;;11;
13925000;13295000;160.001;168.000;120.65;;;;;;;;;;;11;
13925000;13295000;168.001;176.000;120.65;;;;;;;;;;;11;
13925000;13295000;176.001;184.000;129.45;;;;;;;;;;;11;
13925000;13295000;184.001;192.000;129.45;;;;;;;;;;;11;
13925000;13295000;192.001;200.000;138.30;;;;;;;;;;;11;
66000000;6649999;0.000;8.000;29.80;;;;;;;;;;;11;
66000000;6649999;8.001;16.000;39.80;;;;;;;;;;;11;
66000000;6649999;16.001;24.000;41.25;;;;;;;;;;;11;
66000000;6649999;24.001;32.000;41.25;;;;;;;;;;;11;
66000000;6649999;32.001;40.000;50.10;;;;;;;;;;;11;
66000000;6649999;40.001;48.000;50.10;;;;;;;;;;;11;
66000000;6649999;48.001;56.000;58.90;;;;;;;;;;;11;
66000000;6649999;56.001;64.000;58.90;;;;;;;;;;;11;
66000000;6649999;64.001;72.000;67.70;;;;;;;;;;;11;
66000000;6649999;72.001;80.000;67.70;;;;;;;;;;;11;
66000000;6649999;80.001;88.000;76.55;;;;;;;;;;;11;
66000000;6649999;88.001;96.000;76.55;;;;;;;;;;;11;
66000000;6649999;96.001;104.000;85.35;;;;;;;;;;;11;
66000000;6649999;104.001;112.000;85.35;;;;;;;;;;;11;
66000000;6649999;112.001;120.000;93.55;;;;;;;;;;;11;
66000000;6649999;120.001;128.000;93.55;;;;;;;;;;;11;
66000000;6649999;128.001;136.000;103.00;;;;;;;;;;;11;
66000000;6649999;136.001;144.000;103.00;;;;;;;;;;;11;
66000000;6649999;144.001;152.000;111.80;;;;;;;;;;;11;
66000000;6649999;152.001;160.000;111.80;;;;;;;;;;;11;
66000000;6649999;160.001;168.000;120.65;;;;;;;;;;;11;
66000000;6649999;168.001;176.000;120.65;;;;;;;;;;;11;
66000000;6649999;176.001;184.000;129.45;;;;;;;;;;;11;
66000000;6649999;184.001;192.000;129.45;;;;;;;;;;;11;
66000000;6649999;192.001;200.000;138.30;;;;;;;;;;;11;
13200001;13219999;0.000;8.000;29.80;;;;;;;;;;;11;
13200001;13219999;8.001;16.000;39.80;;;;;;;;;;;11;
13200001;13219999;16.001;24.000;41.25;;;;;;;;;;;11;
13200001;13219999;24.001;32.000;41.25;;;;;;;;;;;11;
13200001;13219999;32.001;40.000;50.10;;;;;;;;;;;11;
13200001;13219999;40.001;48.000;50.10;;;;;;;;;;;11;
13200001;13219999;48.001;56.000;58.90;;;;;;;;;;;11;
13200001;13219999;56.001;64.000;58.90;;;;;;;;;;;11;
13200001;13219999;64.001;72.000;67.70;;;;;;;;;;;11;
13200001;13219999;72.001;80.000;67.70;;;;;;;;;;;11;
13200001;13219999;80.001;88.000;76.55;;;;;;;;;;;11;
13200001;13219999;88.001;96.000;76.55;;;;;;;;;;;11;
13200001;13219999;96.001;104.000;85.35;;;;;;;;;;;11;
13200001;13219999;104.001;112.000;85.35;;;;;;;;;;;11;
13200001;13219999;112.001;120.000;93.55;;;;;;;;;;;11;
13200001;13219999;120.001;128.000;93.55;;;;;;;;;;;11;
13200001;13219999;128.001;136.000;103.00;;;;;;;;;;;11;
13200001;13219999;136.001;144.000;103.00;;;;;;;;;;;11;
13200001;13219999;144.001;152.000;111.80;;;;;;;;;;;11;
13200001;13219999;152.001;160.000;111.80;;;;;;;;;;;11;
13200001;13219999;160.001;168.000;120.65;;;;;;;;;;;11;
13200001;13219999;168.001;176.000;120.65;;;;;;;;;;;11;
13200001;13219999;176.001;184.000;129.45;;;;;;;;;;;11;
13200001;13219999;184.001;192.000;129.45;;;;;;;;;;;11;
13200001;13219999;192.001;200.000;138.30;;;;;;;;;;;11;
13290000;13290000;0.000;8.000;29.80;;;;;;;;;;;11;
13290000;13290000;8.001;16.000;39.80;;;;;;;;;;;11;
13290000;13290000;16.001;24.000;41.25;;;;;;;;;;;11;
13290000;13290000;24.001;32.000;41.25;;;;;;;;;;;11;
13290000;13290000;32.001;40.000;50.10;;;;;;;;;;;11;
13290000;13290000;40.001;48.000;50.10;;;;;;;;;;;11;
13290000;13290000;48.001;56.000;58.90;;;;;;;;;;;11;
13290000;13290000;56.001;64.000;58.90;;;;;;;;;;;11;
13290000;13290000;64.001;72.000;67.70;;;;;;;;;;;11;
13290000;13290000;72.001;80.000;67.70;;;;;;;;;;;11;
13290000;13290000;80.001;88.000;76.55;;;;;;;;;;;11;
13290000;13290000;88.001;96.000;76.55;;;;;;;;;;;11;
13290000;13290000;96.001;104.000;85.35;;;;;;;;;;;11;
13290000;13290000;104.001;112.000;85.35;;;;;;;;;;;11;
13290000;13290000;112.001;120.000;93.55;;;;;;;;;;;11;
13290000;13290000;120.001;128.000;93.55;;;;;;;;;;;11;
13290000;13290000;128.001;136.000;103.00;;;;;;;;;;;11;
13290000;13290000;136.001;144.000;103.00;;;;;;;;;;;11;
13290000;13290000;144.001;152.000;111.80;;;;;;;;;;;11;
13290000;13290000;152.001;160.000;111.80;;;;;;;;;;;11;
13290000;13290000;160.001;168.000;120.65;;;;;;;;;;;11;
13290000;13290000;168.001;176.000;120.65;;;;;;;;;;;11;
13290000;13290000;176.001;184.000;129.45;;;;;;;;;;;11;
13290000;13290000;184.001;192.000;129.45;;;;;;;;;;;11;
13290000;13290000;192.001;200.000;138.30;;;;;;;;;;;11;
9300000;9399999;0.000;8.000;29.80;;;;;;;;;;;11;
9300000;9399999;8.001;16.000;39.80;;;;;;;;;;;11;
9300000;9399999;16.001;24.000;41.25;;;;;;;;;;;11;
9300000;9399999;24.001;32.000;41.25;;;;;;;;;;;11;
9300000;9399999;32.001;40.000;50.10;;;;;;;;;;;11;
9300000;9399999;40.001;48.000;50.10;;;;;;;;;;;11;
9300000;9399999;48.001;56.000;58.90;;;;;;;;;;;11;
9300000;9399999;56.001;64.000;58.90;;;;;;;;;;;11;
9300000;9399999;64.001;72.000;67.70;;;;;;;;;;;11;
9300000;9399999;72.001;80.000;67.70;;;;;;;;;;;11;
9300000;9399999;80.001;88.000;76.55;;;;;;;;;;;11;
9300000;9399999;88.001;96.000;76.55;;;;;;;;;;;11;
9300000;9399999;96.001;104.000;85.35;;;;;;;;;;;11;
9300000;9399999;104.001;112.000;85.35;;;;;;;;;;;11;
9300000;9399999;112.001;120.000;93.55;;;;;;;;;;;11;
9300000;9399999;120.001;128.000;93.55;;;;;;;;;;;11;
9300000;9399999;128.001;136.000;103.00;;;;;;;;;;;11;
9300000;9399999;136.001;144.000;103.00;;;;;;;;;;;11;
9300000;9399999;144.001;152.000;111.80;;;;;;;;;;;11;
9300000;9399999;152.001;160.000;111.80;;;;;;;;;;;11;
9300000;9399999;160.001;168.000;120.65;;;;;;;;;;;11;
9300000;9399999;168.001;176.000;120.65;;;;;;;;;;;11;
9300000;9399999;176.001;184.000;129.45;;;;;;;;;;;11;
9300000;9399999;184.001;192.000;129.45;;;;;;;;;;;11;
9300000;9399999;192.001;200.000;138.30;;;;;;;;;;;11;
9300000;9399999;0.000;8.000;29.80;;;;;;;;;;;11;
9300000;9399999;8.001;16.000;39.80;;;;;;;;;;;11;
9300000;9399999;16.001;24.000;41.25;;;;;;;;;;;11;
9300000;9399999;24.001;32.000;41.25;;;;;;;;;;;11;
9300000;9399999;32.001;40.000;50.10;;;;;;;;;;;11;
9300000;9399999;40.001;48.000;50.10;;;;;;;;;;;11;
9300000;9399999;48.001;56.000;58.90;;;;;;;;;;;11;
9300000;9399999;56.001;64.000;58.90;;;;;;;;;;;11;
9300000;9399999;64.001;72.000;67.70;;;;;;;;;;;11;
9300000;9399999;72.001;80.000;67.70;;;;;;;;;;;11;
9300000;9399999;80.001;88.000;76.55;;;;;;;;;;;11;
9300000;9399999;88.001;96.000;76.55;;;;;;;;;;;11;
9300000;9399999;96.001;104.000;85.35;;;;;;;;;;;11;
9300000;9399999;104.001;112.000;85.35;;;;;;;;;;;11;
9300000;9399999;112.001;120.000;93.55;;;;;;;;;;;11;
9300000;9399999;120.001;128.000;93.55;;;;;;;;;;;11;
9300000;9399999;128.001;136.000;103.00;;;;;;;;;;;11;
9300000;9399999;136.001;144.000;103.00;;;;;;;;;;;11;
9300000;9399999;144.001;152.000;111.80;;;;;;;;;;;11;
9300000;9399999;152.001;160.000;111.80;;;;;;;;;;;11;
9300000;9399999;160.001;168.000;120.65;;;;;;;;;;;11;
9300000;9399999;168.001;176.000;120.65;;;;;;;;;;;11;
9300000;9399999;176.001;184.000;129.45;;;;;;;;;;;11;
9300000;9399999;184.001;192.000;129.45;;;;;;;;;;;11;
9300000;9399999;192.001;200.000;138.30;;;;;;;;;;;11;
8700000;8889999;0.000;8.000;29.80;;;;;;;;;;;11;
8700000;8889999;8.001;16.000;39.80;;;;;;;;;;;11;
8700000;8889999;16.001;24.000;41.25;;;;;;;;;;;11;
8700000;8889999;24.001;32.000;41.25;;;;;;;;;;;11;
8700000;8889999;32.001;40.000;50.10;;;;;;;;;;;11;
8700000;8889999;40.001;48.000;50.10;;;;;;;;;;;11;
8700000;8889999;48.001;56.000;58.90;;;;;;;;;;;11;
8700000;8889999;56.001;64.000;58.90;;;;;;;;;;;11;
8700000;8889999;64.001;72.000;67.70;;;;;;;;;;;11;
8700000;8889999;72.001;80.000;67.70;;;;;;;;;;;11;
8700000;8889999;80.001;88.000;76.55;;;;;;;;;;;11;
8700000;8889999;88.001;96.000;76.55;;;;;;;;;;;11;
8700000;8889999;96.001;104.000;85.35;;;;;;;;;;;11;
8700000;8889999;104.001;112.000;85.35;;;;;;;;;;;11;
8700000;8889999;112.001;120.000;93.55;;;;;;;;;;;11;
8700000;8889999;120.001;128.000;93.55;;;;;;;;;;;11;
8700000;8889999;128.001;136.000;103.00;;;;;;;;;;;11;
8700000;8889999;136.001;144.000;103.00;;;;;;;;;;;11;
8700000;8889999;144.001;152.000;111.80;;;;;;;;;;;11;
8700000;8889999;152.001;160.000;111.80;;;;;;;;;;;11;
8700000;8889999;160.001;168.000;120.65;;;;;;;;;;;11;
8700000;8889999;168.001;176.000;120.65;;;;;;;;;;;11;
8700000;8889999;176.001;184.000;129.45;;;;;;;;;;;11;
8700000;8889999;184.001;192.000;129.45;;;;;;;;;;;11;
8700000;8889999;192.001;200.000;138.30;;;;;;;;;;;11;
11730000;11730000;0.000;8.000;29.80;;;;;;;;;;;11;
11730000;11730000;8.001;16.000;39.80;;;;;;;;;;;11;
11730000;11730000;16.001;24.000;41.25;;;;;;;;;;;11;
11730000;11730000;24.001;32.000;41.25;;;;;;;;;;;11;
11730000;11730000;32.001;40.000;50.10;;;;;;;;;;;11;
11730000;11730000;40.001;48.000;50.10;;;;;;;;;;;11;
11730000;11730000;48.001;56.000;58.90;;;;;;;;;;;11;
11730000;11730000;56.001;64.000;58.90;;;;;;;;;;;11;
11730000;11730000;64.001;72.000;67.70;;;;;;;;;;;11;
11730000;11730000;72.001;80.000;67.70;;;;;;;;;;;11;
11730000;11730000;80.001;88.000;76.55;;;;;;;;;;;11;
11730000;11730000;88.001;96.000;76.55;;;;;;;;;;;11;
11730000;11730000;96.001;104.000;85.35;;;;;;;;;;;11;
11730000;11730000;104.001;112.000;85.35;;;;;;;;;;;11;
11730000;11730000;112.001;120.000;93.55;;;;;;;;;;;11;
11730000;11730000;120.001;128.000;93.55;;;;;;;;;;;11;
11730000;11730000;128.001;136.000;103.00;;;;;;;;;;;11;
11730000;11730000;136.001;144.000;103.00;;;;;;;;;;;11;
11730000;11730000;144.001;152.000;111.80;;;;;;;;;;;11;
11730000;11730000;152.001;160.000;111.80;;;;;;;;;;;11;
11730000;11730000;160.001;168.000;120.65;;;;;;;;;;;11;
11730000;11730000;168.001;176.000;120.65;;;;;;;;;;;11;
11730000;11730000;176.001;184.000;129.45;;;;;;;;;;;11;
11730000;11730000;184.001;192.000;129.45;;;;;;;;;;;11;
11730000;11730000;192.001;200.000;138.30;;;;;;;;;;;11;
13190000;13190000;0.000;8.000;29.80;;;;;;;;;;;11;
13190000;13190000;8.001;16.000;39.80;;;;;;;;;;;11;
13190000;13190000;16.001;24.000;41.25;;;;;;;;;;;11;
13190000;13190000;24.001;32.000;41.25;;;;;;;;;;;11;
13190000;13190000;32.001;40.000;50.10;;;;;;;;;;;11;
13190000;13190000;40.001;48.000;50.10;;;;;;;;;;;11;
13190000;13190000;48.001;56.000;58.90;;;;;;;;;;;11;
13190000;13190000;56.001;64.000;58.90;;;;;;;;;;;11;
13190000;13190000;64.001;72.000;67.70;;;;;;;;;;;11;
13190000;13190000;72.001;80.000;67.70;;;;;;;;;;;11;
13190000;13190000;80.001;88.000;76.55;;;;;;;;;;;11;
13190000;13190000;88.001;96.000;76.55;;;;;;;;;;;11;
13190000;13190000;96.001;104.000;85.35;;;;;;;;;;;11;
13190000;13190000;104.001;112.000;85.35;;;;;;;;;;;11;
13190000;13190000;112.001;120.000;93.55;;;;;;;;;;;11;
13190000;13190000;120.001;128.000;93.55;;;;;;;;;;;11;
13190000;13190000;128.001;136.000;103.00;;;;;;;;;;;11;
13190000;13190000;136.001;144.000;103.00;;;;;;;;;;;11;
13190000;13190000;144.001;152.000;111.80;;;;;;;;;;;11;
13190000;13190000;152.001;160.000;111.80;;;;;;;;;;;11;
13190000;13190000;160.001;168.000;120.65;;;;;;;;;;;11;
13190000;13190000;168.001;176.000;120.65;;;;;;;;;;;11;
13190000;13190000;176.001;184.000;129.45;;;;;;;;;;;11;
13190000;13190000;184.001;192.000;129.45;;;;;;;;;;;11;
13190000;13190000;192.001;200.000;138.30;;;;;;;;;;;11;
6000000;6299999;0.000;8.000;29.80;;;;;;;;;;;11;
6000000;6299999;8.001;16.000;39.80;;;;;;;;;;;11;
6000000;6299999;16.001;24.000;41.25;;;;;;;;;;;11;
6000000;6299999;24.001;32.000;41.25;;;;;;;;;;;11;
6000000;6299999;32.001;40.000;50.10;;;;;;;;;;;11;
6000000;6299999;40.001;48.000;50.10;;;;;;;;;;;11;
6000000;6299999;48.001;56.000;58.90;;;;;;;;;;;11;
6000000;6299999;56.001;64.000;58.90;;;;;;;;;;;11;
6000000;6299999;64.001;72.000;67.70;;;;;;;;;;;11;
6000000;6299999;72.001;80.000;67.70;;;;;;;;;;;11;
6000000;6299999;80.001;88.000;76.55;;;;;;;;;;;11;
6000000;6299999;88.001;96.000;76.55;;;;;;;;;;;11;
6000000;6299999;96.001;104.000;85.35;;;;;;;;;;;11;
6000000;6299999;104.001;112.000;85.35;;;;;;;;;;;11;
6000000;6299999;112.001;120.000;93.55;;;;;;;;;;;11;
6000000;6299999;120.001;128.000;93.55;;;;;;;;;;;11;
6000000;6299999;128.001;136.000;103.00;;;;;;;;;;;11;
6000000;6299999;136.001;144.000;103.00;;;;;;;;;;;11;
6000000;6299999;144.001;152.000;111.80;;;;;;;;;;;11;
6000000;6299999;152.001;160.000;111.80;;;;;;;;;;;11;
6000000;6299999;160.001;168.000;120.65;;;;;;;;;;;11;
6000000;6299999;168.001;176.000;120.65;;;;;;;;;;;11;
6000000;6299999;176.001;184.000;129.45;;;;;;;;;;;11;
6000000;6299999;184.001;192.000;129.45;;;;;;;;;;;11;
6000000;6299999;192.001;200.000;138.30;;;;;;;;;;;11;
13140000;13149999;0.000;8.000;29.80;;;;;;;;;;;11;
13140000;13149999;8.001;16.000;39.80;;;;;;;;;;;11;
13140000;13149999;16.001;24.000;41.25;;;;;;;;;;;11;
13140000;13149999;24.001;32.000;41.25;;;;;;;;;;;11;
13140000;13149999;32.001;40.000;50.10;;;;;;;;;;;11;
13140000;13149999;40.001;48.000;50.10;;;;;;;;;;;11;
13140000;13149999;48.001;56.000;58.90;;;;;;;;;;;11;
13140000;13149999;56.001;64.000;58.90;;;;;;;;;;;11;
13140000;13149999;64.001;72.000;67.70;;;;;;;;;;;11;
13140000;13149999;72.001;80.000;67.70;;;;;;;;;;;11;
13140000;13149999;80.001;88.000;76.55;;;;;;;;;;;11;
13140000;13149999;88.001;96.000;76.55;;;;;;;;;;;11;
13140000;13149999;96.001;104.000;85.35;;;;;;;;;;;11;
13140000;13149999;104.001;112.000;85.35;;;;;;;;;;;11;
13140000;13149999;112.001;120.000;93.55;;;;;;;;;;;11;
13140000;13149999;120.001;128.000;93.55;;;;;;;;;;;11;
13140000;13149999;128.001;136.000;103.00;;;;;;;;;;;11;
13140000;13149999;136.001;144.000;103.00;;;;;;;;;;;11;
13140000;13149999;144.001;152.000;111.80;;;;;;;;;;;11;
13140000;13149999;152.001;160.000;111.80;;;;;;;;;;;11;
13140000;13149999;160.001;168.000;120.65;;;;;;;;;;;11;
13140000;13149999;168.001;176.000;120.65;;;;;;;;;;;11;
13140000;13149999;176.001;184.000;129.45;;;;;;;;;;;11;
13140000;13149999;184.001;192.000;129.45;;;;;;;;;;;11;
13140000;13149999;192.001;200.000;138.30;;;;;;;;;;;11;
13140000;13149999;0.000;8.000;29.80;;;;;;;;;;;11;
13140000;13149999;8.001;16.000;39.80;;;;;;;;;;;11;
13140000;13149999;16.001;24.000;41.25;;;;;;;;;;;11;
13140000;13149999;24.001;32.000;41.25;;;;;;;;;;;11;
13140000;13149999;32.001;40.000;50.10;;;;;;;;;;;11;
13140000;13149999;40.001;48.000;50.10;;;;;;;;;;;11;
13140000;13149999;48.001;56.000;58.90;;;;;;;;;;;11;
13140000;13149999;56.001;64.000;58.90;;;;;;;;;;;11;
13140000;13149999;64.001;72.000;67.70;;;;;;;;;;;11;
13140000;13149999;72.001;80.000;67.70;;;;;;;;;;;11;
13140000;13149999;80.001;88.000;76.55;;;;;;;;;;;11;
13140000;13149999;88.001;96.000;76.55;;;;;;;;;;;11;
13140000;13149999;96.001;104.000;85.35;;;;;;;;;;;11;
13140000;13149999;104.001;112.000;85.35;;;;;;;;;;;11;
13140000;13149999;112.001;120.000;93.55;;;;;;;;;;;11;
13140000;13149999;120.001;128.000;93.55;;;;;;;;;;;11;
13140000;13149999;128.001;136.000;103.00;;;;;;;;;;;11;
13140000;13149999;136.001;144.000;103.00;;;;;;;;;;;11;
13140000;13149999;144.001;152.000;111.80;;;;;;;;;;;11;
13140000;13149999;152.001;160.000;111.80;;;;;;;;;;;11;
13140000;13149999;160.001;168.000;120.65;;;;;;;;;;;11;
13140000;13149999;168.001;176.000;120.65;;;;;;;;;;;11;
13140000;13149999;176.001;184.000;129.45;;;;;;;;;;;11;
13140000;13149999;184.001;192.000;129.45;;;;;;;;;;;11;
13140000;13149999;192.001;200.000;138.30;;;;;;;;;;;11;
11750000;11750000;0.000;8.000;29.80;;;;;;;;;;;11;
11750000;11750000;8.001;16.000;39.80;;;;;;;;;;;11;
11750000;11750000;16.001;24.000;41.25;;;;;;;;;;;11;
11750000;11750000;24.001;32.000;41.25;;;;;;;;;;;11;
11750000;11750000;32.001;40.000;50.10;;;;;;;;;;;11;
11750000;11750000;40.001;48.000;50.10;;;;;;;;;;;11;
11750000;11750000;48.001;56.000;58.90;;;;;;;;;;;11;
11750000;11750000;56.001;64.000;58.90;;;;;;;;;;;11;
11750000;11750000;64.001;72.000;67.70;;;;;;;;;;;11;
11750000;11750000;72.001;80.000;67.70;;;;;;;;;;;11;
11750000;11750000;80.001;88.000;76.55;;;;;;;;;;;11;
11750000;11750000;88.001;96.000;76.55;;;;;;;;;;;11;
11750000;11750000;96.001;104.000;85.35;;;;;;;;;;;11;
11750000;11750000;104.001;112.000;85.35;;;;;;;;;;;11;
11750000;11750000;112.001;120.000;93.55;;;;;;;;;;;11;
11750000;11750000;120.001;128.000;93.55;;;;;;;;;;;11;
11750000;11750000;128.001;136.000;103.00;;;;;;;;;;;11;
11750000;11750000;136.001;144.000;103.00;;;;;;;;;;;11;
11750000;11750000;144.001;152.000;111.80;;;;;;;;;;;11;
11750000;11750000;152.001;160.000;111.80;;;;;;;;;;;11;
11750000;11750000;160.001;168.000;120.65;;;;;;;;;;;11;
11750000;11750000;168.001;176.000;120.65;;;;;;;;;;;11;
11750000;11750000;176.001;184.000;129.45;;;;;;;;;;;11;
11750000;11750000;184.001;192.000;129.45;;;;;;;;;;;11;
11750000;11750000;192.001;200.000;138.30;;;;;;;;;;;11;
8550000;8569999;0.000;8.000;29.80;;;;;;;;;;;11;
8550000;8569999;8.001;16.000;39.80;;;;;;;;;;;11;
8550000;8569999;16.001;24.000;41.25;;;;;;;;;;;11;
8550000;8569999;24.001;32.000;41.25;;;;;;;;;;;11;
8550000;8569999;32.001;40.000;50.10;;;;;;;;;;;11;
8550000;8569999;40.001;48.000;50.10;;;;;;;;;;;11;
8550000;8569999;48.001;56.000;58.90;;;;;;;;;;;11;
8550000;8569999;56.001;64.000;58.90;;;;;;;;;;;11;
8550000;8569999;64.001;72.000;67.70;;;;;;;;;;;11;
8550000;8569999;72.001;80.000;67.70;;;;;;;;;;;11;
8550000;8569999;80.001;88.000;76.55;;;;;;;;;;;11;
8550000;8569999;88.001;96.000;76.55;;;;;;;;;;;11;
8550000;8569999;96.001;104.000;85.35;;;;;;;;;;;11;
8550000;8569999;104.001;112.000;85.35;;;;;;;;;;;11;
8550000;8569999;112.001;120.000;93.55;;;;;;;;;;;11;
8550000;8569999;120.001;128.000;93.55;;;;;;;;;;;11;
8550000;8569999;128.001;136.000;103.00;;;;;;;;;;;11;
8550000;8569999;136.001;144.000;103.00;;;;;;;;;;;11;
8550000;8569999;144.001;152.000;111.80;;;;;;;;;;;11;
8550000;8569999;152.001;160.000;111.80;;;;;;;;;;;11;
8550000;8569999;160.001;168.000;120.65;;;;;;;;;;;11;
8550000;8569999;168.001;176.000;120.65;;;;;;;;;;;11;
8550000;8569999;176.001;184.000;129.45;;;;;;;;;;;11;
8550000;8569999;184.001;192.000;129.45;;;;;;;;;;;11;
8550000;8569999;192.001;200.000;138.30;;;;;;;;;;;11;
11700000;11729999;0.000;8.000;29.80;;;;;;;;;;;11;
11700000;11729999;8.001;16.000;39.80;;;;;;;;;;;11;
11700000;11729999;16.001;24.000;41.25;;;;;;;;;;;11;
11700000;11729999;24.001;32.000;41.25;;;;;;;;;;;11;
11700000;11729999;32.001;40.000;50.10;;;;;;;;;;;11;
11700000;11729999;40.001;48.000;50.10;;;;;;;;;;;11;
11700000;11729999;48.001;56.000;58.90;;;;;;;;;;;11;
11700000;11729999;56.001;64.000;58.90;;;;;;;;;;;11;
11700000;11729999;64.001;72.000;67.70;;;;;;;;;;;11;
11700000;11729999;72.001;80.000;67.70;;;;;;;;;;;11;
11700000;11729999;80.001;88.000;76.55;;;;;;;;;;;11;
11700000;11729999;88.001;96.000;76.55;;;;;;;;;;;11;
11700000;11729999;96.001;104.000;85.35;;;;;;;;;;;11;
11700000;11729999;104.001;112.000;85.35;;;;;;;;;;;11;
11700000;11729999;112.001;120.000;93.55;;;;;;;;;;;11;
11700000;11729999;120.001;128.000;93.55;;;;;;;;;;;11;
11700000;11729999;128.001;136.000;103.00;;;;;;;;;;;11;
11700000;11729999;136.001;144.000;103.00;;;;;;;;;;;11;
11700000;11729999;144.001;152.000;111.80;;;;;;;;;;;11;
11700000;11729999;152.001;160.000;111.80;;;;;;;;;;;11;
11700000;11729999;160.001;168.000;120.65;;;;;;;;;;;11;
11700000;11729999;168.001;176.000;120.65;;;;;;;;;;;11;
11700000;11729999;176.001;184.000;129.45;;;;;;;;;;;11;
11700000;11729999;184.001;192.000;129.45;;;;;;;;;;;11;
11700000;11729999;192.001;200.000;138.30;;;;;;;;;;;11;
9400000;9449999;0.000;8.000;29.80;;;;;;;;;;;11;
9400000;9449999;8.001;16.000;39.80;;;;;;;;;;;11;
9400000;9449999;16.001;24.000;41.25;;;;;;;;;;;11;
9400000;9449999;24.001;32.000;41.25;;;;;;;;;;;11;
9400000;9449999;32.001;40.000;50.10;;;;;;;;;;;11;
9400000;9449999;40.001;48.000;50.10;;;;;;;;;;;11;
9400000;9449999;48.001;56.000;58.90;;;;;;;;;;;11;
9400000;9449999;56.001;64.000;58.90;;;;;;;;;;;11;
9400000;9449999;64.001;72.000;67.70;;;;;;;;;;;11;
9400000;9449999;72.001;80.000;67.70;;;;;;;;;;;11;
9400000;9449999;80.001;88.000;76.55;;;;;;;;;;;11;
9400000;9449999;88.001;96.000;76.55;;;;;;;;;;;11;
9400000;9449999;96.001;104.000;85.35;;;;;;;;;;;11;
9400000;9449999;104.001;112.000;85.35;;;;;;;;;;;11;
9400000;9449999;112.001;120.000;93.55;;;;;;;;;;;11;
9400000;9449999;120.001;128.000;93.55;;;;;;;;;;;11;
9400000;9449999;128.001;136.000;103.00;;;;;;;;;;;11;
9400000;9449999;136.001;144.000;103.00;;;;;;;;;;;11;
9400000;9449999;144.001;152.000;111.80;;;;;;;;;;;11;
9400000;9449999;152.001;160.000;111.80;;;;;;;;;;;11;
9400000;9449999;160.001;168.000;120.65;;;;;;;;;;;11;
9400000;9449999;168.001;176.000;120.65;;;;;;;;;;;11;
9400000;9449999;176.001;184.000;129.45;;;;;;;;;;;11;
9400000;9449999;184.001;192.000;129.45;;;;;;;;;;;11;
9400000;9449999;192.001;200.000;138.30;;;;;;;;;;;11;
9600000;9899999;0.000;8.000;29.80;;;;;;;;;;;11;
9600000;9899999;8.001;16.000;39.80;;;;;;;;;;;11;
9600000;9899999;16.001;24.000;41.25;;;;;;;;;;;11;
9600000;9899999;24.001;32.000;41.25;;;;;;;;;;;11;
9600000;9899999;32.001;40.000;50.10;;;;;;;;;;;11;
9600000;9899999;40.001;48.000;50.10;;;;;;;;;;;11;
9600000;9899999;48.001;56.000;58.90;;;;;;;;;;;11;
9600000;9899999;56.001;64.000;58.90;;;;;;;;;;;11;
9600000;9899999;64.001;72.000;67.70;;;;;;;;;;;11;
9600000;9899999;72.001;80.000;67.70;;;;;;;;;;;11;
9600000;9899999;80.001;88.000;76.55;;;;;;;;;;;11;
9600000;9899999;88.001;96.000;76.55;;;;;;;;;;;11;
9600000;9899999;96.001;104.000;85.35;;;;;;;;;;;11;
9600000;9899999;104.001;112.000;85.35;;;;;;;;;;;11;
9600000;9899999;112.001;120.000;93.55;;;;;;;;;;;11;
9600000;9899999;120.001;128.000;93.55;;;;;;;;;;;11;
9600000;9899999;128.001;136.000;103.00;;;;;;;;;;;11;
9600000;9899999;136.001;144.000;103.00;;;;;;;;;;;11;
9600000;9899999;144.001;152.000;111.80;;;;;;;;;;;11;
9600000;9899999;152.001;160.000;111.80;;;;;;;;;;;11;
9600000;9899999;160.001;168.000;120.65;;;;;;;;;;;11;
9600000;9899999;168.001;176.000;120.65;;;;;;;;;;;11;
9600000;9899999;176.001;184.000;129.45;;;;;;;;;;;11;
9600000;9899999;184.001;192.000;129.45;;;;;;;;;;;11;
9600000;9899999;192.001;200.000;138.30;;;;;;;;;;;11;
13320000;13329999;0.000;8.000;29.80;;;;;;;;;;;11;
13320000;13329999;8.001;16.000;39.80;;;;;;;;;;;11;
13320000;13329999;16.001;24.000;41.25;;;;;;;;;;;11;
13320000;13329999;24.001;32.000;41.25;;;;;;;;;;;11;
13320000;13329999;32.001;40.000;50.10;;;;;;;;;;;11;
13320000;13329999;40.001;48.000;50.10;;;;;;;;;;;11;
13320000;13329999;48.001;56.000;58.90;;;;;;;;;;;11;
13320000;13329999;56.001;64.000;58.90;;;;;;;;;;;11;
13320000;13329999;64.001;72.000;67.70;;;;;;;;;;;11;
13320000;13329999;72.001;80.000;67.70;;;;;;;;;;;11;
13320000;13329999;80.001;88.000;76.55;;;;;;;;;;;11;
13320000;13329999;88.001;96.000;76.55;;;;;;;;;;;11;
13320000;13329999;96.001;104.000;85.35;;;;;;;;;;;11;
13320000;13329999;104.001;112.000;85.35;;;;;;;;;;;11;
13320000;13329999;112.001;120.000;93.55;;;;;;;;;;;11;
13320000;13329999;120.001;128.000;93.55;;;;;;;;;;;11;
13320000;13329999;128.001;136.000;103.00;;;;;;;;;;;11;
13320000;13329999;136.001;144.000;103.00;;;;;;;;;;;11;
13320000;13329999;144.001;152.000;111.80;;;;;;;;;;;11;
13320000;13329999;152.001;160.000;111.80;;;;;;;;;;;11;
13320000;13329999;160.001;168.000;120.65;;;;;;;;;;;11;
13320000;13329999;168.001;176.000;120.65;;;;;;;;;;;11;
13320000;13329999;176.001;184.000;129.45;;;;;;;;;;;11;
13320000;13329999;184.001;192.000;129.45;;;;;;;;;;;11;
13320000;13329999;192.001;200.000;138.30;;;;;;;;;;;11;
9000000;9299999;0.000;8.000;29.80;;;;;;;;;;;11;
9000000;9299999;8.001;16.000;39.80;;;;;;;;;;;11;
9000000;9299999;16.001;24.000;41.25;;;;;;;;;;;11;
9000000;9299999;24.001;32.000;41.25;;;;;;;;;;;11;
9000000;9299999;32.001;40.000;50.10;;;;;;;;;;;11;
9000000;9299999;40.001;48.000;50.10;;;;;;;;;;;11;
9000000;9299999;48.001;56.000;58.90;;;;;;;;;;;11;
9000000;9299999;56.001;64.000;58.90;;;;;;;;;;;11;
9000000;9299999;64.001;72.000;67.70;;;;;;;;;;;11;
9000000;9299999;72.001;80.000;67.70;;;;;;;;;;;11;
9000000;9299999;80.001;88.000;76.55;;;;;;;;;;;11;
9000000;9299999;88.001;96.000;76.55;;;;;;;;;;;11;
9000000;9299999;96.001;104.000;85.35;;;;;;;;;;;11;
9000000;9299999;104.001;112.000;85.35;;;;;;;;;;;11;
9000000;9299999;112.001;120.000;93.55;;;;;;;;;;;11;
9000000;9299999;120.001;128.000;93.55;;;;;;;;;;;11;
9000000;9299999;128.001;136.000;103.00;;;;;;;;;;;11;
9000000;9299999;136.001;144.000;103.00;;;;;;;;;;;11;
9000000;9299999;144.001;152.000;111.80;;;;;;;;;;;11;
9000000;9299999;152.001;160.000;111.80;;;;;;;;;;;11;
9000000;9299999;160.001;168.000;120.65;;;;;;;;;;;11;
9000000;9299999;168.001;176.000;120.65;;;;;;;;;;;11;
9000000;9299999;176.001;184.000;129.45;;;;;;;;;;;11;
9000000;9299999;184.001;192.000;129.45;;;;;;;;;;;11;
9000000;9299999;192.001;200.000;138.30;;;;;;;;;;;11;
11000000;11249999;0.000;8.000;29.80;;;;;;;;;;;11;
11000000;11249999;8.001;16.000;39.80;;;;;;;;;;;11;
11000000;11249999;16.001;24.000;41.25;;;;;;;;;;;11;
11000000;11249999;24.001;32.000;41.25;;;;;;;;;;;11;
11000000;11249999;32.001;40.000;50.10;;;;;;;;;;;11;
11000000;11249999;40.001;48.000;50.10;;;;;;;;;;;11;
11000000;11249999;48.001;56.000;58.90;;;;;;;;;;;11;
11000000;11249999;56.001;64.000;58.90;;;;;;;;;;;11;
11000000;11249999;64.001;72.000;67.70;;;;;;;;;;;11;
11000000;11249999;72.001;80.000;67.70;;;;;;;;;;;11;
11000000;11249999;80.001;88.000;76.55;;;;;;;;;;;11;
11000000;11249999;88.001;96.000;76.55;;;;;;;;;;;11;
11000000;11249999;96.001;104.000;85.35;;;;;;;;;;;11;
11000000;11249999;104.001;112.000;85.35;;;;;;;;;;;11;
11000000;11249999;112.001;120.000;93.55;;;;;;;;;;;11;
11000000;11249999;120.001;128.000;93.55;;;;;;;;;;;11;
11000000;11249999;128.001;136.000;103.00;;;;;;;;;;;11;
11000000;11249999;136.001;144.000;103.00;;;;;;;;;;;11;
11000000;11249999;144.001;152.000;111.80;;;;;;;;;;;11;
11000000;11249999;152.001;160.000;111.80;;;;;;;;;;;11;
11000000;11249999;160.001;168.000;120.65;;;;;;;;;;;11;
11000000;11249999;168.001;176.000;120.65;;;;;;;;;;;11;
11000000;11249999;176.001;184.000;129.45;;;;;;;;;;;11;
11000000;11249999;184.001;192.000;129.45;;;;;;;;;;;11;
11000000;11249999;192.001;200.000;138.30;;;;;;;;;;;11;
9500000;9599999;0.000;8.000;29.80;;;;;;;;;;;11;
9500000;9599999;8.001;16.000;39.80;;;;;;;;;;;11;
9500000;9599999;16.001;24.000;41.25;;;;;;;;;;;11;
9500000;9599999;24.001;32.000;41.25;;;;;;;;;;;11;
9500000;9599999;32.001;40.000;50.10;;;;;;;;;;;11;
9500000;9599999;40.001;48.000;50.10;;;;;;;;;;;11;
9500000;9599999;48.001;56.000;58.90;;;;;;;;;;;11;
9500000;9599999;56.001;64.000;58.90;;;;;;;;;;;11;
9500000;9599999;64.001;72.000;67.70;;;;;;;;;;;11;
9500000;9599999;72.001;80.000;67.70;;;;;;;;;;;11;
9500000;9599999;80.001;88.000;76.55;;;;;;;;;;;11;
9500000;9599999;88.001;96.000;76.55;;;;;;;;;;;11;
9500000;9599999;96.001;104.000;85.35;;;;;;;;;;;11;
9500000;9599999;104.001;112.000;85.35;;;;;;;;;;;11;
9500000;9599999;112.001;120.000;93.55;;;;;;;;;;;11;
9500000;9599999;120.001;128.000;93.55;;;;;;;;;;;11;
9500000;9599999;128.001;136.000;103.00;;;;;;;;;;;11;
9500000;9599999;136.001;144.000;103.00;;;;;;;;;;;11;
9500000;9599999;144.001;152.000;111.80;;;;;;;;;;;11;
9500000;9599999;152.001;160.000;111.80;;;;;;;;;;;11;
9500000;9599999;160.001;168.000;120.65;;;;;;;;;;;11;
9500000;9599999;168.001;176.000;120.65;;;;;;;;;;;11;
9500000;9599999;176.001;184.000;129.45;;;;;;;;;;;11;
9500000;9599999;184.001;192.000;129.45;;;;;;;;;;;11;
9500000;9599999;192.001;200.000;138.30;;;;;;;;;;;11;
1000000;5999999;0.000;8.000;29.80;;;;;;;;;;;11;
1000000;5999999;8.001;16.000;39.80;;;;;;;;;;;11;
1000000;5999999;16.001;24.000;41.25;;;;;;;;;;;11;
1000000;5999999;24.001;32.000;41.25;;;;;;;;;;;11;
1000000;5999999;32.001;40.000;50.10;;;;;;;;;;;11;
1000000;5999999;40.001;48.000;50.10;;;;;;;;;;;11;
1000000;5999999;48.001;56.000;58.90;;;;;;;;;;;11;
1000000;5999999;56.001;64.000;58.90;;;;;;;;;;;11;
1000000;5999999;64.001;72.000;67.70;;;;;;;;;;;11;
1000000;5999999;72.001;80.000;67.70;;;;;;;;;;;11;
1000000;5999999;80.001;88.000;76.55;;;;;;;;;;;11;
1000000;5999999;88.001;96.000;76.55;;;;;;;;;;;11;
1000000;5999999;96.001;104.000;85.35;;;;;;;;;;;11;
1000000;5999999;104.001;112.000;85.35;;;;;;;;;;;11;
1000000;5999999;112.001;120.000;93.55;;;;;;;;;;;11;
1000000;5999999;120.001;128.000;93.55;;;;;;;;;;;11;
1000000;5999999;128.001;136.000;103.00;;;;;;;;;;;11;
1000000;5999999;136.001;144.000;103.00;;;;;;;;;;;11;
1000000;5999999;144.001;152.000;111.80;;;;;;;;;;;11;
1000000;5999999;152.001;160.000;111.80;;;;;;;;;;;11;
1000000;5999999;160.001;168.000;120.65;;;;;;;;;;;11;
1000000;5999999;168.001;176.000;120.65;;;;;;;;;;;11;
1000000;5999999;176.001;184.000;129.45;;;;;;;;;;;11;
1000000;5999999;184.001;192.000;129.45;;;;;;;;;;;11;
1000000;5999999;192.001;200.000;138.30;;;;;;;;;;;11;
8000000;8499999;0.000;8.000;29.80;;;;;;;;;;;11;
8000000;8499999;8.001;16.000;39.80;;;;;;;;;;;11;
8000000;8499999;16.001;24.000;41.25;;;;;;;;;;;11;
8000000;8499999;24.001;32.000;41.25;;;;;;;;;;;11;
8000000;8499999;32.001;40.000;50.10;;;;;;;;;;;11;
8000000;8499999;40.001;48.000;50.10;;;;;;;;;;;11;
8000000;8499999;48.001;56.000;58.90;;;;;;;;;;;11;
8000000;8499999;56.001;64.000;58.90;;;;;;;;;;;11;
8000000;8499999;64.001;72.000;67.70;;;;;;;;;;;11;
8000000;8499999;72.001;80.000;67.70;;;;;;;;;;;11;
8000000;8499999;80.001;88.000;76.55;;;;;;;;;;;11;
8000000;8499999;88.001;96.000;76.55;;;;;;;;;;;11;
8000000;8499999;96.001;104.000;85.35;;;;;;;;;;;11;
8000000;8499999;104.001;112.000;85.35;;;;;;;;;;;11;
8000000;8499999;112.001;120.000;93.55;;;;;;;;;;;11;
8000000;8499999;120.001;128.000;93.55;;;;;;;;;;;11;
8000000;8499999;128.001;136.000;103.00;;;;;;;;;;;11;
8000000;8499999;136.001;144.000;103.00;;;;;;;;;;;11;
8000000;8499999;144.001;152.000;111.80;;;;;;;;;;;11;
8000000;8499999;152.001;160.000;111.80;;;;;;;;;;;11;
8000000;8499999;160.001;168.000;120.65;;;;;;;;;;;11;
8000000;8499999;168.001;176.000;120.65;;;;;;;;;;;11;
8000000;8499999;176.001;184.000;129.45;;;;;;;;;;;11;
8000000;8499999;184.001;192.000;129.45;;;;;;;;;;;11;
8000000;8499999;192.001;200.000;138.30;;;;;;;;;;;11;
11300000;11399999;0.000;8.000;29.80;;;;;;;;;;;11;
11300000;11399999;8.001;16.000;39.80;;;;;;;;;;;11;
11300000;11399999;16.001;24.000;41.25;;;;;;;;;;;11;
11300000;11399999;24.001;32.000;41.25;;;;;;;;;;;11;
11300000;11399999;32.001;40.000;50.10;;;;;;;;;;;11;
11300000;11399999;40.001;48.000;50.10;;;;;;;;;;;11;
11300000;11399999;48.001;56.000;58.90;;;;;;;;;;;11;
11300000;11399999;56.001;64.000;58.90;;;;;;;;;;;11;
11300000;11399999;64.001;72.000;67.70;;;;;;;;;;;11;
11300000;11399999;72.001;80.000;67.70;;;;;;;;;;;11;
11300000;11399999;80.001;88.000;76.55;;;;;;;;;;;11;
11300000;11399999;88.001;96.000;76.55;;;;;;;;;;;11;
11300000;11399999;96.001;104.000;85.35;;;;;;;;;;;11;
11300000;11399999;104.001;112.000;85.35;;;;;;;;;;;11;
11300000;11399999;112.001;120.000;93.55;;;;;;;;;;;11;
11300000;11399999;120.001;128.000;93.55;;;;;;;;;;;11;
11300000;11399999;128.001;136.000;103.00;;;;;;;;;;;11;
11300000;11399999;136.001;144.000;103.00;;;;;;;;;;;11;
11300000;11399999;144.001;152.000;111.80;;;;;;;;;;;11;
11300000;11399999;152.001;160.000;111.80;;;;;;;;;;;11;
11300000;11399999;160.001;168.000;120.65;;;;;;;;;;;11;
11300000;11399999;168.001;176.000;120.65;;;;;;;;;;;11;
11300000;11399999;176.001;184.000;129.45;;;;;;;;;;;11;
11300000;11399999;184.001;192.000;129.45;;;;;;;;;;;11;
11300000;11399999;192.001;200.000;138.30;;;;;;;;;;;11;
18000000;18109999;0.000;8.000;29.80;;;;;;;;;;;11;
18000000;18109999;8.001;16.000;39.80;;;;;;;;;;;11;
18000000;18109999;16.001;24.000;41.25;;;;;;;;;;;11;
18000000;18109999;24.001;32.000;41.25;;;;;;;;;;;11;
18000000;18109999;32.001;40.000;50.10;;;;;;;;;;;11;
18000000;18109999;40.001;48.000;50.10;;;;;;;;;;;11;
18000000;18109999;48.001;56.000;58.90;;;;;;;;;;;11;
18000000;18109999;56.001;64.000;58.90;;;;;;;;;;;11;
18000000;18109999;64.001;72.000;67.70;;;;;;;;;;;11;
18000000;18109999;72.001;80.000;67.70;;;;;;;;;;;11;
18000000;18109999;80.001;88.000;76.55;;;;;;;;;;;11;
18000000;18109999;88.001;96.000;76.55;;;;;;;;;;;11;
18000000;18109999;96.001;104.000;85.35;;;;;;;;;;;11;
18000000;18109999;104.001;112.000;85.35;;;;;;;;;;;11;
18000000;18109999;112.001;120.000;93.55;;;;;;;;;;;11;
18000000;18109999;120.001;128.000;93.55;;;;;;;;;;;11;
18000000;18109999;128.001;136.000;103.00;;;;;;;;;;;11;
18000000;18109999;136.001;144.000;103.00;;;;;;;;;;;11;
18000000;18109999;144.001;152.000;111.80;;;;;;;;;;;11;
18000000;18109999;152.001;160.000;111.80;;;;;;;;;;;11;
18000000;18109999;160.001;168.000;120.65;;;;;;;;;;;11;
18000000;18109999;168.001;176.000;120.65;;;;;;;;;;;11;
18000000;18109999;176.001;184.000;129.45;;;;;;;;;;;11;
18000000;18109999;184.001;192.000;129.45;;;;;;;;;;;11;
18000000;18109999;192.001;200.000;138.30;;;;;;;;;;;11;
13170000;13182999;0.000;8.000;29.80;;;;;;;;;;;11;
13170000;13182999;8.001;16.000;39.80;;;;;;;;;;;11;
13170000;13182999;16.001;24.000;41.25;;;;;;;;;;;11;
13170000;13182999;24.001;32.000;41.25;;;;;;;;;;;11;
13170000;13182999;32.001;40.000;50.10;;;;;;;;;;;11;
13170000;13182999;40.001;48.000;50.10;;;;;;;;;;;11;
13170000;13182999;48.001;56.000;58.90;;;;;;;;;;;11;
13170000;13182999;56.001;64.000;58.90;;;;;;;;;;;11;
13170000;13182999;64.001;72.000;67.70;;;;;;;;;;;11;
13170000;13182999;72.001;80.000;67.70;;;;;;;;;;;11;
13170000;13182999;80.001;88.000;76.55;;;;;;;;;;;11;
13170000;13182999;88.001;96.000;76.55;;;;;;;;;;;11;
13170000;13182999;96.001;104.000;85.35;;;;;;;;;;;11;
13170000;13182999;104.001;112.000;85.35;;;;;;;;;;;11;
13170000;13182999;112.001;120.000;93.55;;;;;;;;;;;11;
13170000;13182999;120.001;128.000;93.55;;;;;;;;;;;11;
13170000;13182999;128.001;136.000;103.00;;;;;;;;;;;11;
13170000;13182999;136.001;144.000;103.00;;;;;;;;;;;11;
13170000;13182999;144.001;152.000;111.80;;;;;;;;;;;11;
13170000;13182999;152.001;160.000;111.80;;;;;;;;;;;11;
13170000;13182999;160.001;168.000;120.65;;;;;;;;;;;11;
13170000;13182999;168.001;176.000;120.65;;;;;;;;;;;11;
13170000;13182999;176.001;184.000;129.45;;;;;;;;;;;11;
13170000;13182999;184.001;192.000;129.45;;;;;;;;;;;11;
13170000;13182999;192.001;200.000;138.30;;;;;;;;;;;11;
8600000;8699999;0.000;8.000;29.80;;;;;;;;;;;11;
8600000;8699999;8.001;16.000;39.80;;;;;;;;;;;11;
8600000;8699999;16.001;24.000;41.25;;;;;;;;;;;11;
8600000;8699999;24.001;32.000;41.25;;;;;;;;;;;11;
8600000;8699999;32.001;40.000;50.10;;;;;;;;;;;11;
8600000;8699999;40.001;48.000;50.10;;;;;;;;;;;11;
8600000;8699999;48.001;56.000;58.90;;;;;;;;;;;11;
8600000;8699999;56.001;64.000;58.90;;;;;;;;;;;11;
8600000;8699999;64.001;72.000;67.70;;;;;;;;;;;11;
8600000;8699999;72.001;80.000;67.70;;;;;;;;;;;11;
8600000;8699999;80.001;88.000;76.55;;;;;;;;;;;11;
8600000;8699999;88.001;96.000;76.55;;;;;;;;;;;11;
8600000;8699999;96.001;104.000;85.35;;;;;;;;;;;11;
8600000;8699999;104.001;112.000;85.35;;;;;;;;;;;11;
8600000;8699999;112.001;120.000;93.55;;;;;;;;;;;11;
8600000;8699999;120.001;128.000;93.55;;;;;;;;;;;11;
8600000;8699999;128.001;136.000;103.00;;;;;;;;;;;11;
8600000;8699999;136.001;144.000;103.00;;;;;;;;;;;11;
8600000;8699999;144.001;152.000;111.80;;;;;;;;;;;11;
8600000;8699999;152.001;160.000;111.80;;;;;;;;;;;11;
8600000;8699999;160.001;168.000;120.65;;;;;;;;;;;11;
8600000;8699999;168.001;176.000;120.65;;;;;;;;;;;11;
8600000;8699999;176.001;184.000;129.45;;;;;;;;;;;11;
8600000;8699999;184.001;192.000;129.45;;;;;;;;;;;11;
8600000;8699999;192.001;200.000;138.30;;;;;;;;;;;11;
6750000;6799999;0.000;8.000;29.80;;;;;;;;;;;11;
6750000;6799999;8.001;16.000;39.80;;;;;;;;;;;11;
6750000;6799999;16.001;24.000;41.25;;;;;;;;;;;11;
6750000;6799999;24.001;32.000;41.25;;;;;;;;;;;11;
6750000;6799999;32.001;40.000;50.10;;;;;;;;;;;11;
6750000;6799999;40.001;48.000;50.10;;;;;;;;;;;11;
6750000;6799999;48.001;56.000;58.90;;;;;;;;;;;11;
6750000;6799999;56.001;64.000;58.90;;;;;;;;;;;11;
6750000;6799999;64.001;72.000;67.70;;;;;;;;;;;11;
6750000;6799999;72.001;80.000;67.70;;;;;;;;;;;11;
6750000;6799999;80.001;88.000;76.55;;;;;;;;;;;11;
6750000;6799999;88.001;96.000;76.55;;;;;;;;;;;11;
6750000;6799999;96.001;104.000;85.35;;;;;;;;;;;11;
6750000;6799999;104.001;112.000;85.35;;;;;;;;;;;11;
6750000;6799999;112.001;120.000;93.55;;;;;;;;;;;11;
6750000;6799999;120.001;128.000;93.55;;;;;;;;;;;11;
6750000;6799999;128.001;136.000;103.00;;;;;;;;;;;11;
6750000;6799999;136.001;144.000;103.00;;;;;;;;;;;11;
6750000;6799999;144.001;152.000;111.80;;;;;;;;;;;11;
6750000;6799999;152.001;160.000;111.80;;;;;;;;;;;11;
6750000;6799999;160.001;168.000;120.65;;;;;;;;;;;11;
6750000;6799999;168.001;176.000;120.65;;;;;;;;;;;11;
6750000;6799999;176.001;184.000;129.45;;;;;;;;;;;11;
6750000;6799999;184.001;192.000;129.45;;;;;;;;;;;11;
6750000;6799999;192.001;200.000;138.30;;;;;;;;;;;11;
13270000;13279999;0.000;8.000;29.80;;;;;;;;;;;11;
13270000;13279999;8.001;16.000;39.80;;;;;;;;;;;11;
13270000;13279999;16.001;24.000;41.25;;;;;;;;;;;11;
13270000;13279999;24.001;32.000;41.25;;;;;;;;;;;11;
13270000;13279999;32.001;40.000;50.10;;;;;;;;;;;11;
13270000;13279999;40.001;48.000;50.10;;;;;;;;;;;11;
13270000;13279999;48.001;56.000;58.90;;;;;;;;;;;11;
13270000;13279999;56.001;64.000;58.90;;;;;;;;;;;11;
13270000;13279999;64.001;72.000;67.70;;;;;;;;;;;11;
13270000;13279999;72.001;80.000;67.70;;;;;;;;;;;11;
13270000;13279999;80.001;88.000;76.55;;;;;;;;;;;11;
13270000;13279999;88.001;96.000;76.55;;;;;;;;;;;11;
13270000;13279999;96.001;104.000;85.35;;;;;;;;;;;11;
13270000;13279999;104.001;112.000;85.35;;;;;;;;;;;11;
13270000;13279999;112.001;120.000;93.55;;;;;;;;;;;11;
13270000;13279999;120.001;128.000;93.55;;;;;;;;;;;11;
13270000;13279999;128.001;136.000;103.00;;;;;;;;;;;11;
13270000;13279999;136.001;144.000;103.00;;;;;;;;;;;11;
13270000;13279999;144.001;152.000;111.80;;;;;;;;;;;11;
13270000;13279999;152.001;160.000;111.80;;;;;;;;;;;11;
13270000;13279999;160.001;168.000;120.65;;;;;;;;;;;11;
13270000;13279999;168.001;176.000;120.65;;;;;;;;;;;11;
13270000;13279999;176.001;184.000;129.45;;;;;;;;;;;11;
13270000;13279999;184.001;192.000;129.45;;;;;;;;;;;11;
13270000;13279999;192.001;200.000;138.30;;;;;;;;;;;11;
13280000;13280000;0.000;8.000;29.80;;;;;;;;;;;11;
13280000;13280000;8.001;16.000;39.80;;;;;;;;;;;11;
13280000;13280000;16.001;24.000;41.25;;;;;;;;;;;11;
13280000;13280000;24.001;32.000;41.25;;;;;;;;;;;11;
13280000;13280000;32.001;40.000;50.10;;;;;;;;;;;11;
13280000;13280000;40.001;48.000;50.10;;;;;;;;;;;11;
13280000;13280000;48.001;56.000;58.90;;;;;;;;;;;11;
13280000;13280000;56.001;64.000;58.90;;;;;;;;;;;11;
13280000;13280000;64.001;72.000;67.70;;;;;;;;;;;11;
13280000;13280000;72.001;80.000;67.70;;;;;;;;;;;11;
13280000;13280000;80.001;88.000;76.55;;;;;;;;;;;11;
13280000;13280000;88.001;96.000;76.55;;;;;;;;;;;11;
13280000;13280000;96.001;104.000;85.35;;;;;;;;;;;11;
13280000;13280000;104.001;112.000;85.35;;;;;;;;;;;11;
13280000;13280000;112.001;120.000;93.55;;;;;;;;;;;11;
13280000;13280000;120.001;128.000;93.55;;;;;;;;;;;11;
13280000;13280000;128.001;136.000;103.00;;;;;;;;;;;11;
13280000;13280000;136.001;144.000;103.00;;;;;;;;;;;11;
13280000;13280000;144.001;152.000;111.80;;;;;;;;;;;11;
13280000;13280000;152.001;160.000;111.80;;;;;;;;;;;11;
13280000;13280000;160.001;168.000;120.65;;;;;;;;;;;11;
13280000;13280000;168.001;176.000;120.65;;;;;;;;;;;11;
13280000;13280000;176.001;184.000;129.45;;;;;;;;;;;11;
13280000;13280000;184.001;192.000;129.45;;;;;;;;;;;11;
13280000;13280000;192.001;200.000;138.30;;;;;;;;;;;11;
18110000;18119999;0.000;8.000;29.80;;;;;;;;;;;11;
18110000;18119999;8.001;16.000;39.80;;;;;;;;;;;11;
18110000;18119999;16.001;24.000;41.25;;;;;;;;;;;11;
18110000;18119999;24.001;32.000;41.25;;;;;;;;;;;11;
18110000;18119999;32.001;40.000;50.10;;;;;;;;;;;11;
18110000;18119999;40.001;48.000;50.10;;;;;;;;;;;11;
18110000;18119999;48.001;56.000;58.90;;;;;;;;;;;11;
18110000;18119999;56.001;64.000;58.90;;;;;;;;;;;11;
18110000;18119999;64.001;72.000;67.70;;;;;;;;;;;11;
18110000;18119999;72.001;80.000;67.70;;;;;;;;;;;11;
18110000;18119999;80.001;88.000;76.55;;;;;;;;;;;11;
18110000;18119999;88.001;96.000;76.55;;;;;;;;;;;11;
18110000;18119999;96.001;104.000;85.35;;;;;;;;;;;11;
18110000;18119999;104.001;112.000;85.35;;;;;;;;;;;11;
18110000;18119999;112.001;120.000;93.55;;;;;;;;;;;11;
18110000;18119999;120.001;128.000;93.55;;;;;;;;;;;11;
18110000;18119999;128.001;136.000;103.00;;;;;;;;;;;11;
18110000;18119999;136.001;144.000;103.00;;;;;;;;;;;11;
18110000;18119999;144.001;152.000;111.80;;;;;;;;;;;11;
18110000;18119999;152.001;160.000;111.80;;;;;;;;;;;11;
18110000;18119999;160.001;168.000;120.65;;;;;;;;;;;11;
18110000;18119999;168.001;176.000;120.65;;;;;;;;;;;11;
18110000;18119999;176.001;184.000;129.45;;;;;;;;;;;11;
18110000;18119999;184.001;192.000;129.45;;;;;;;;;;;11;
18110000;18119999;192.001;200.000;138.30;;;;;;;;;;;11;
7400000;7499999;0.000;8.000;39.80;;;;;;;;;;;11;
7400000;7499999;8.001;16.000;49.80;;;;;;;;;;;11;
7400000;7499999;16.001;24.000;51.65;;;;;;;;;;;11;
7400000;7499999;24.001;32.000;51.65;;;;;;;;;;;11;
7400000;7499999;32.001;40.000;63.40;;;;;;;;;;;11;
7400000;7499999;40.001;48.000;63.40;;;;;;;;;;;11;
7400000;7499999;48.001;56.000;75.20;;;;;;;;;;;11;
7400000;7499999;56.001;64.000;75.20;;;;;;;;;;;11;
7400000;7499999;64.001;72.000;86.90;;;;;;;;;;;11;
7400000;7499999;72.001;80.000;86.90;;;;;;;;;;;11;
7400000;7499999;80.001;88.000;98.70;;;;;;;;;;;11;
7400000;7499999;88.001;96.000;98.70;;;;;;;;;;;11;
7400000;7499999;96.001;104.000;110.50;;;;;;;;;;;11;
7400000;7499999;104.001;112.000;110.50;;;;;;;;;;;11;
7400000;7499999;112.001;120.000;122.20;;;;;;;;;;;11;
7400000;7499999;120.001;128.000;122.20;;;;;;;;;;;11;
7400000;7499999;128.001;136.000;134.00;;;;;;;;;;;11;
7400000;7499999;136.001;144.000;134.00;;;;;;;;;;;11;
7400000;7499999;144.001;152.000;145.75;;;;;;;;;;;11;
7400000;7499999;152.001;160.000;145.75;;;;;;;;;;;11;
7400000;7499999;160.001;168.000;157.50;;;;;;;;;;;11;
7400000;7499999;168.001;176.000;157.50;;;;;;;;;;;11;
7400000;7499999;176.001;184.000;169.30;;;;;;;;;;;11;
7400000;7499999;184.001;192.000;169.30;;;;;;;;;;;11;
7400000;7499999;192.001;200.000;181.00;;;;;;;;;;;11;
7750000;7770000;0.000;8.000;39.80;;;;;;;;;;;11;
7750000;7770000;8.001;16.000;49.80;;;;;;;;;;;11;
7750000;7770000;16.001;24.000;51.65;;;;;;;;;;;11;
7750000;7770000;24.001;32.000;51.65;;;;;;;;;;;11;
7750000;7770000;32.001;40.000;63.40;;;;;;;;;;;11;
7750000;7770000;40.001;48.000;63.40;;;;;;;;;;;11;
7750000;7770000;48.001;56.000;75.20;;;;;;;;;;;11;
7750000;7770000;56.001;64.000;75.20;;;;;;;;;;;11;
7750000;7770000;64.001;72.000;86.90;;;;;;;;;;;11;
7750000;7770000;72.001;80.000;86.90;;;;;;;;;;;11;
7750000;7770000;80.001;88.000;98.70;;;;;;;;;;;11;
7750000;7770000;88.001;96.000;98.70;;;;;;;;;;;11;
7750000;7770000;96.001;104.000;110.50;;;;;;;;;;;11;
7750000;7770000;104.001;112.000;110.50;;;;;;;;;;;11;
7750000;7770000;112.001;120.000;122.20;;;;;;;;;;;11;
7750000;7770000;120.001;128.000;122.20;;;;;;;;;;;11;
7750000;7770000;128.001;136.000;134.00;;;;;;;;;;;11;
7750000;7770000;136.001;144.000;134.00;;;;;;;;;;;11;
7750000;7770000;144.001;152.000;145.75;;;;;;;;;;;11;
7750000;7770000;152.001;160.000;145.75;;;;;;;;;;;11;
7750000;7770000;160.001;168.000;157.50;;;;;;;;;;;11;
7750000;7770000;168.001;176.000;157.50;;;;;;;;;;;11;
7750000;7770000;176.001;184.000;169.30;;;;;;;;;;;11;
7750000;7770000;184.001;192.000;169.30;;;;;;;;;;;11;
7750000;7770000;192.001;200.000;181.00;;;;;;;;;;;11;
6800000;6849999;0.000;8.000;39.80;;;;;;;;;;;11;
6800000;6849999;8.001;16.000;49.80;;;;;;;;;;;11;
6800000;6849999;16.001;24.000;51.65;;;;;;;;;;;11;
6800000;6849999;24.001;32.000;51.65;;;;;;;;;;;11;
6800000;6849999;32.001;40.000;63.40;;;;;;;;;;;11;
6800000;6849999;40.001;48.000;63.40;;;;;;;;;;;11;
6800000;6849999;48.001;56.000;75.20;;;;;;;;;;;11;
6800000;6849999;56.001;64.000;75.20;;;;;;;;;;;11;
6800000;6849999;64.001;72.000;86.90;;;;;;;;;;;11;
6800000;6849999;72.001;80.000;86.90;;;;;;;;;;;11;
6800000;6849999;80.001;88.000;98.70;;;;;;;;;;;11;
6800000;6849999;88.001;96.000;98.70;;;;;;;;;;;11;
6800000;6849999;96.001;104.000;110.50;;;;;;;;;;;11;
6800000;6849999;104.001;112.000;110.50;;;;;;;;;;;11;
6800000;6849999;112.001;120.000;122.20;;;;;;;;;;;11;
6800000;6849999;120.001;128.000;122.20;;;;;;;;;;;11;
6800000;6849999;128.001;136.000;134.00;;;;;;;;;;;11;
6800000;6849999;136.001;144.000;134.00;;;;;;;;;;;11;
6800000;6849999;144.001;152.000;145.75;;;;;;;;;;;11;
6800000;6849999;152.001;160.000;145.75;;;;;;;;;;;11;
6800000;6849999;160.001;168.000;157.50;;;;;;;;;;;11;
6800000;6849999;168.001;176.000;157.50;;;;;;;;;;;11;
6800000;6849999;176.001;184.000;169.30;;;;;;;;;;;11;
6800000;6849999;184.001;192.000;169.30;;;;;;;;;;;11;
6800000;6849999;192.001;200.000;181.00;;;;;;;;;;;11;
13183000;13189999;0.000;8.000;39.80;;;;;;;;;;;11;
13183000;13189999;8.001;16.000;49.80;;;;;;;;;;;11;
13183000;13189999;16.001;24.000;51.65;;;;;;;;;;;11;
13183000;13189999;24.001;32.000;51.65;;;;;;;;;;;11;
13183000;13189999;32.001;40.000;63.40;;;;;;;;;;;11;
13183000;13189999;40.001;48.000;63.40;;;;;;;;;;;11;
13183000;13189999;48.001;56.000;75.20;;;;;;;;;;;11;
13183000;13189999;56.001;64.000;75.20;;;;;;;;;;;11;
13183000;13189999;64.001;72.000;86.90;;;;;;;;;;;11;
13183000;13189999;72.001;80.000;86.90;;;;;;;;;;;11;
13183000;13189999;80.001;88.000;98.70;;;;;;;;;;;11;
13183000;13189999;88.001;96.000;98.70;;;;;;;;;;;11;
13183000;13189999;96.001;104.000;110.50;;;;;;;;;;;11;
13183000;13189999;104.001;112.000;110.50;;;;;;;;;;;11;
13183000;13189999;112.001;120.000;122.20;;;;;;;;;;;11;
13183000;13189999;120.001;128.000;122.20;;;;;;;;;;;11;
13183000;13189999;128.001;136.000;134.00;;;;;;;;;;;11;
13183000;13189999;136.001;144.000;134.00;;;;;;;;;;;11;
13183000;13189999;144.001;152.000;145.75;;;;;;;;;;;11;
13183000;13189999;152.001;160.000;145.75;;;;;;;;;;;11;
13183000;13189999;160.001;168.000;157.50;;;;;;;;;;;11;
13183000;13189999;168.001;176.000;157.50;;;;;;;;;;;11;
13183000;13189999;176.001;184.000;169.30;;;;;;;;;;;11;
13183000;13189999;184.001;192.000;169.30;;;;;;;;;;;11;
13183000;13189999;192.001;200.000;181.00;;;;;;;;;;;11;
11790000;11790000;0.000;8.000;39.80;;;;;;;;;;;11;
11790000;11790000;8.001;16.000;49.80;;;;;;;;;;;11;
11790000;11790000;16.001;24.000;51.65;;;;;;;;;;;11;
11790000;11790000;24.001;32.000;51.65;;;;;;;;;;;11;
11790000;11790000;32.001;40.000;63.40;;;;;;;;;;;11;
11790000;11790000;40.001;48.000;63.40;;;;;;;;;;;11;
11790000;11790000;48.001;56.000;75.20;;;;;;;;;;;11;
11790000;11790000;56.001;64.000;75.20;;;;;;;;;;;11;
11790000;11790000;64.001;72.000;86.90;;;;;;;;;;;11;
11790000;11790000;72.001;80.000;86.90;;;;;;;;;;;11;
11790000;11790000;80.001;88.000;98.70;;;;;;;;;;;11;
11790000;11790000;88.001;96.000;98.70;;;;;;;;;;;11;
11790000;11790000;96.001;104.000;110.50;;;;;;;;;;;11;
11790000;11790000;104.001;112.000;110.50;;;;;;;;;;;11;
11790000;11790000;112.001;120.000;122.20;;;;;;;;;;;11;
11790000;11790000;120.001;128.000;122.20;;;;;;;;;;;11;
11790000;11790000;128.001;136.000;134.00;;;;;;;;;;;11;
11790000;11790000;136.001;144.000;134.00;;;;;;;;;;;11;
11790000;11790000;144.001;152.000;145.75;;;;;;;;;;;11;
11790000;11790000;152.001;160.000;145.75;;;;;;;;;;;11;
11790000;11790000;160.001;168.000;157.50;;;;;;;;;;;11;
11790000;11790000;168.001;176.000;157.50;;;;;;;;;;;11;
11790000;11790000;176.001;184.000;169.30;;;;;;;;;;;11;
11790000;11790000;184.001;192.000;169.30;;;;;;;;;;;11;
11790000;11790000;192.001;200.000;181.00;;;;;;;;;;;11;
9450000;9450000;0.000;8.000;39.80;;;;;;;;;;;11;
9450000;9450000;8.001;16.000;49.80;;;;;;;;;;;11;
9450000;9450000;16.001;24.000;51.65;;;;;;;;;;;11;
9450000;9450000;24.001;32.000;51.65;;;;;;;;;;;11;
9450000;9450000;32.001;40.000;63.40;;;;;;;;;;;11;
9450000;9450000;40.001;48.000;63.40;;;;;;;;;;;11;
9450000;9450000;48.001;56.000;75.20;;;;;;;;;;;11;
9450000;9450000;56.001;64.000;75.20;;;;;;;;;;;11;
9450000;9450000;64.001;72.000;86.90;;;;;;;;;;;11;
9450000;9450000;72.001;80.000;86.90;;;;;;;;;;;11;
9450000;9450000;80.001;88.000;98.70;;;;;;;;;;;11;
9450000;9450000;88.001;96.000;98.70;;;;;;;;;;;11;
9450000;9450000;96.001;104.000;110.50;;;;;;;;;;;11;
9450000;9450000;104.001;112.000;110.50;;;;;;;;;;;11;
9450000;9450000;112.001;120.000;122.20;;;;;;;;;;;11;
9450000;9450000;120.001;128.000;122.20;;;;;;;;;;;11;
9450000;9450000;128.001;136.000;134.00;;;;;;;;;;;11;
9450000;9450000;136.001;144.000;134.00;;;;;;;;;;;11;
9450000;9450000;144.001;152.000;145.75;;;;;;;;;;;11;
9450000;9450000;152.001;160.000;145.75;;;;;;;;;;;11;
9450000;9450000;160.001;168.000;157.50;;;;;;;;;;;11;
9450000;9450000;168.001;176.000;157.50;;;;;;;;;;;11;
9450000;9450000;176.001;184.000;169.30;;;;;;;;;;;11;
9450000;9450000;184.001;192.000;169.30;;;;;;;;;;;11;
9450000;9450000;192.001;200.000;181.00;;;;;;;;;;;11;
6500000;6549999;0.000;8.000;39.80;;;;;;;;;;;11;
6500000;6549999;8.001;16.000;49.80;;;;;;;;;;;11;
6500000;6549999;16.001;24.000;51.65;;;;;;;;;;;11;
6500000;6549999;24.001;32.000;51.65;;;;;;;;;;;11;
6500000;6549999;32.001;40.000;63.40;;;;;;;;;;;11;
6500000;6549999;40.001;48.000;63.40;;;;;;;;;;;11;
6500000;6549999;48.001;56.000;75.20;;;;;;;;;;;11;
6500000;6549999;56.001;64.000;75.20;;;;;;;;;;;11;
6500000;6549999;64.001;72.000;86.90;;;;;;;;;;;11;
6500000;6549999;72.001;80.000;86.90;;;;;;;;;;;11;
6500000;6549999;80.001;88.000;98.70;;;;;;;;;;;11;
6500000;6549999;88.001;96.000;98.70;;;;;;;;;;;11;
6500000;6549999;96.001;104.000;110.50;;;;;;;;;;;11;
6500000;6549999;104.001;112.000;110.50;;;;;;;;;;;11;
6500000;6549999;112.001;120.000;122.20;;;;;;;;;;;11;
6500000;6549999;120.001;128.000;122.20;;;;;;;;;;;11;
6500000;6549999;128.001;136.000;134.00;;;;;;;;;;;11;
6500000;6549999;136.001;144.000;134.00;;;;;;;;;;;11;
6500000;6549999;144.001;152.000;145.75;;;;;;;;;;;11;
6500000;6549999;152.001;160.000;145.75;;;;;;;;;;;11;
6500000;6549999;160.001;168.000;157.50;;;;;;;;;;;11;
6500000;6549999;168.001;176.000;157.50;;;;;;;;;;;11;
6500000;6549999;176.001;184.000;169.30;;;;;;;;;;;11;
6500000;6549999;184.001;192.000;169.30;;;;;;;;;;;11;
6500000;6549999;192.001;200.000;181.00;;;;;;;;;;;11;
6500000;6549999;0.000;8.000;39.80;;;;;;;;;;;11;
6500000;6549999;8.001;16.000;49.80;;;;;;;;;;;11;
6500000;6549999;16.001;24.000;51.65;;;;;;;;;;;11;
6500000;6549999;24.001;32.000;51.65;;;;;;;;;;;11;
6500000;6549999;32.001;40.000;63.40;;;;;;;;;;;11;
6500000;6549999;40.001;48.000;63.40;;;;;;;;;;;11;
6500000;6549999;48.001;56.000;75.20;;;;;;;;;;;11;
6500000;6549999;56.001;64.000;75.20;;;;;;;;;;;11;
6500000;6549999;64.001;72.000;86.90;;;;;;;;;;;11;
6500000;6549999;72.001;80.000;86.90;;;;;;;;;;;11;
6500000;6549999;80.001;88.000;98.70;;;;;;;;;;;11;
6500000;6549999;88.001;96.000;98.70;;;;;;;;;;;11;
6500000;6549999;96.001;104.000;110.50;;;;;;;;;;;11;
6500000;6549999;104.001;112.000;110.50;;;;;;;;;;;11;
6500000;6549999;112.001;120.000;122.20;;;;;;;;;;;11;
6500000;6549999;120.001;128.000;122.20;;;;;;;;;;;11;
6500000;6549999;128.001;136.000;134.00;;;;;;;;;;;11;
6500000;6549999;136.001;144.000;134.00;;;;;;;;;;;11;
6500000;6549999;144.001;152.000;145.75;;;;;;;;;;;11;
6500000;6549999;152.001;160.000;145.75;;;;;;;;;;;11;
6500000;6549999;160.001;168.000;157.50;;;;;;;;;;;11;
6500000;6549999;168.001;176.000;157.50;;;;;;;;;;;11;
6500000;6549999;176.001;184.000;169.30;;;;;;;;;;;11;
6500000;6549999;184.001;192.000;169.30;;;;;;;;;;;11;
6500000;6549999;192.001;200.000;181.00;;;;;;;;;;;11;
